Workbook
Name College: #REF!
Name College: #REF!
Name College: #REF!
Name College: #REF!
Name College: #REF!
Name College: #REF!
Name College: #REF!
Name College: #REF!
Name College: #REF!
Name College: #REF!
Name College: #REF!
Name College: #REF!
Name College: #REF!
Name College: #REF!
Name College: #REF!
Name College: #REF!
Name College: #REF!
Name College: #REF!
Name College: #REF!
Name College: #REF!
Name College: #REF!
Name College: #REF!
Name College: #REF!
Name College: #REF!
Name College: #REF!
Name College: #REF!
Name College: #REF!
Name College: #REF!
Name d: #REF!
Name d: #REF!
Name d: #REF!
Name d: #REF!
Name d: #REF!
Name d: #REF!
Name d: #REF!
Name d: #REF!
Name d: #REF!
Name d: #REF!
Name d: #REF!
Name d: #REF!
Name d: #REF!
Name d: #REF!
Name d: #REF!
Name d: #REF!
Name d: #REF!
Name d: #REF!
Name d: #REF!
Name d: #REF!
Name d: #REF!
Name d: #REF!
Name d: #REF!
Name d: #REF!
Name d: #REF!
Name d: #REF!
Name d: #REF!
Name fg: #REF!
Name fg: #REF!
Name JR_PAGE_ANCHOR_0_1: #REF!
Name JR_PAGE_ANCHOR_0_1: #REF!
Name JR_PAGE_ANCHOR_0_1: #REF!

Sheet 1UniNo
B1: Table 1. States/UTs & Type - Wise Number of Universities registered in AISHE
A2: S.No. | B2: States/UTs | C2: Central University | D2: Central Open University | E2: Institute of National Importance | F2: State Public University | G2: Institute under State Legislature Act | H2: State Open University | I2: State Private University | J2: State Private Open University | K2: Deemed University-Government | L2: Deemed University-Government Aided | M2: Deemed University-Private | N2: Grand Total
A3: 1 | B3: 2 | C3: 3 | D3: 4 | E3: 5 | F3: 6 | G3: 7 | H3: 8 | I3: 9 | J3: 10 | K3: 11 | L3: 12 | M3: 13 | N3: 14
A4: 1 | B4: Andhra Pradesh | C4: 3 | E4: 10 | F4: 24 | G4: 1 | I4: 5 | M4: 4 | N4: 47
A5: 2 | B5: Arunachal Pradesh | C5: 1 | E5: 1 | I5: 6 | J5: 1 | K5: 1 | N5: 10
A6: 3 | B6: Assam | C6: 2 | E6: 5 | F6: 15 | H6: 1 | I6: 6 | K6: 1 | N6: 30
A7: 4 | B7: Bihar | C7: 4 | E7: 6 | F7: 17 | G7: 1 | H7: 1 | I7: 7 | K7: 1 | N7: 37
A8: 5 | B8: Chandigarh | E8: 1 | F8: 1 | K8: 1 | N8: 3
A9: 6 | B9: Chhattisgarh | C9: 1 | E9: 4 | F9: 14 | H9: 1 | I9: 14 | N9: 34
A10: 7 | B10: Delhi | C10: 6 | D10: 1 | E10: 6 | F10: 9 | K10: 6 | L10: 1 | M10: 1 | N10: 30
A11: 8 | B11: Goa | E11: 2 | F11: 1 | N11: 3
A12: 9 | B12: Gujarat | C12: 1 | E12: 9 | F12: 26 | H12: 1 | I12: 51 | K12: 1 | L12: 1 | M12: 1 | N12: 91
A13: 10 | B13: Haryana | C13: 1 | E13: 5 | F13: 20 | I13: 24 | K13: 3 | M13: 3 | N13: 56
A14: 11 | B14: Himachal Pradesh | C14: 1 | E14: 5 | F14: 7 | I14: 17 | N14: 30
A15: 12 | B15: Jammu and Kashmir | C15: 2 | E15: 4 | F15: 9 | G15: 1 | N15: 16
A16: 13 | B16: Jharkhand | C16: 1 | E16: 5 | F16: 11 | I16: 15 | M16: 1 | N16: 33
A17: 14 | B17: Karnataka | C17: 1 | E17: 6 | F17: 33 | H17: 1 | I17: 20 | K17: 2 | M17: 12 | N17: 75
A18: 15 | B18: Kerala | C18: 1 | E18: 6 | F18: 14 | H18: 1 | K18: 2 | M18: 1 | N18: 25
A19: 16 | B19: Ladakh | F19: 1 | K19: 1 | N19: 2
A20: 17 | B20: Madhya Pradesh | C20: 2 | E20: 10 | F20: 23 | H20: 1 | I20: 40 | K20: 1 | N20: 77
A21: 18 | B21: Maharashtra | C21: 1 | E21: 7 | F21: 23 | H21: 1 | I21: 21 | K21: 7 | L21: 2 | M21: 12 | N21: 74
A22: 19 | B22: Manipur | C22: 3 | E22: 2 | F22: 3 | I22: 2 | N22: 10
A23: 20 | B23: Meghalaya | C23: 1 | E23: 2 | I23: 8 | N23: 11
A24: 21 | B24: Mizoram | C24: 1 | E24: 1 | I24: 1 | N24: 3
A25: 22 | B25: Nagaland | C25: 1 | E25: 1 | I25: 4 | N25: 6
A26: 23 | B26: Odisha | C26: 1 | E26: 5 | F26: 19 | H26: 1 | I26: 8 | M26: 3 | N26: 37
A27: 24 | B27: Puducherry | C27: 1 | E27: 2 | M27: 1 | N27: 4
A28: 25 | B28: Punjab | C28: 1 | E28: 6 | F28: 12 | H28: 1 | I28: 18 | K28: 1 | M28: 1 | N28: 40
A29: 26 | B29: Rajasthan | C29: 1 | E29: 5 | F29: 26 | G29: 1 | H29: 1 | I29: 49 | M29: 7 | N29: 90
A30: 27 | B30: Sikkim | C30: 1 | E30: 1 | F30: 1 | I30: 6 | N30: 9
A31: 28 | B31: Tamil Nadu | C31: 2 | E31: 7 | F31: 21 | H31: 1 | I31: 3 | L31: 2 | M31: 26 | N31: 62
A32: 29 | B32: Telangana | C32: 3 | E32: 4 | F32: 15 | G32: 1 | H32: 1 | I32: 4 | K32: 1 | M32: 2 | N32: 31
A33: 30 | B33: Tripura | C33: 1 | E33: 2 | F33: 1 | I33: 1 | N33: 5
A34: 31 | B34: Uttar Pradesh | C34: 6 | E34: 11 | F34: 32 | G34: 1 | H34: 1 | I34: 31 | K34: 2 | L34: 3 | M34: 4 | N34: 91
A35: 32 | B35: Uttarakhand | C35: 1 | E35: 4 | F35: 10 | H35: 1 | I35: 19 | K35: 1 | L35: 1 | M35: 1 | N35: 38
A36: 33 | B36: West Bengal | C36: 1 | E36: 8 | F36: 35 | H36: 1 | I36: 11 | K36: 1 | M36: 1 | N36: 58
A37: All India | C37: 53 | D37: 1 | E37: 153 | F37: 423 | G37: 6 | H37: 16 | I37: 391 | J37: 1 | K37: 33 | L37: 10 | M37: 81 | N37: 1168
B38: In UTs of , Andaman & Nicobar Islands, Dadra & Nagar Haveli, Daman & Diu and Lakshadweep, there is no University.

Sheet 1InsResponse
B1: Table 1(a). | C1: Total Number of Institutions Registered and Responded in AISHE 2021-22
A2: S.No. | B2: States/UTs | C2: Unversities | F2: Colleges | I2: Standalone Institutions | L2: Total
C3: Registered | D3: Responded | E3: % of Response | F3: Registered | G3: Responded | H3: % of Response | I3: Registered | J3: Responded | K3: % of Response | L3: Registered | M3: Responded | N3: % of Response
A4: 1 | B4: 2 | C4: 3 | D4: 4 | E4: 5 | F4: 6 | G4: 7 | H4: 8 | I4: 9 | J4: 10 | K4: 11 | L4: 12 | M4: 13 | N4: 14
A5: 1 | B5: A & N Islands | F5: 9 | G5: 9 | H5: =G5/F5 -> 1 | I5: 1 | J5: 1 | K5: =J5/I5 -> 1 | L5: 10 | M5: 10 | N5: =M5/L5 -> 1
A6: 2 | B6: Andhra Pradesh | C6: 47 | D6: 47 | E6: =D6/C6 -> 1 | F6: 2602 | G6: 2582 | H6: =G6/F6 -> 0.9923136 | I6: 722 | J6: 633 | K6: =J6/I6 -> 0.8767313 | L6: 3371 | M6: 3262 | N6: =M6/L6 -> 0.96766538
A7: 3 | B7: Arunachal Pradesh | C7: 10 | D7: 10 | E7: =D7/C7 -> 1 | F7: 44 | G7: 43 | H7: =G7/F7 -> 0.97727273 | I7: 20 | J7: 20 | K7: =J7/I7 -> 1 | L7: 74 | M7: 73 | N7: =M7/L7 -> 0.98648649
A8: 4 | B8: Assam | C8: 30 | D8: 30 | E8: =D8/C8 -> 1 | F8: 607 | G8: 553 | H8: =G8/F8 -> 0.91103789 | I8: 99 | J8: 89 | K8: =J8/I8 -> 0.8989899 | L8: 736 | M8: 672 | N8: =M8/L8 -> 0.91304348
A9: 5 | B9: Bihar | C9: 37 | D9: 37 | E9: =D9/C9 -> 1 | F9: 1092 | G9: 1072 | H9: =G9/F9 -> 0.98168498 | I9: 315 | J9: 278 | K9: =J9/I9 -> 0.88253968 | L9: 1444 | M9: 1387 | N9: =M9/L9 -> 0.96052632
A10: 6 | B10: Chandigarh | C10: 3 | D10: 3 | E10: =D10/C10 -> 1 | F10: 26 | G10: 26 | H10: =G10/F10 -> 1 | I10: 10 | J10: 10 | K10: =J10/I10 -> 1 | L10: 39 | M10: 39 | N10: =M10/L10 -> 1
A11: 7 | B11: Chhattisgarh | C11: 34 | D11: 34 | E11: =D11/C11 -> 1 | F11: 917 | G11: 895 | H11: =G11/F11 -> 0.97600872 | I11: 80 | J11: 70 | K11: =J11/I11 -> 0.875 | L11: 1031 | M11: 999 | N11: =M11/L11 -> 0.96896217
A12: 8 | B12: Delhi | C12: 30 | D12: 30 | E12: =D12/C12 -> 1 | F12: 188 | G12: 171 | H12: =G12/F12 -> 0.90957447 | I12: 107 | J12: 87 | K12: =J12/I12 -> 0.81308411 | L12: 325 | M12: 288 | N12: =M12/L12 -> 0.88615385
A13: 9 | B13: Goa | C13: 3 | D13: 3 | E13: =D13/C13 -> 1 | F13: 62 | G13: 62 | H13: =G13/F13 -> 1 | I13: 17 | J13: 17 | K13: =J13/I13 -> 1 | L13: 82 | M13: 82 | N13: =M13/L13 -> 1
A14: 10 | B14: Gujarat | C14: 91 | D14: 91 | E14: =D14/C14 -> 1 | F14: 2395 | G14: 2374 | H14: =G14/F14 -> 0.99123173 | I14: 327 | J14: 327 | K14: =J14/I14 -> 1 | L14: 2813 | M14: 2792 | N14: =M14/L14 -> 0.99253466
A15: 11 | B15: Haryana | C15: 56 | D15: 56 | E15: =D15/C15 -> 1 | F15: 1090 | G15: 1089 | H15: =G15/F15 -> 0.99908257 | I15: 258 | J15: 257 | K15: =J15/I15 -> 0.99612403 | L15: 1404 | M15: 1402 | N15: =M15/L15 -> 0.9985755
A16: 12 | B16: Himachal Pradesh | C16: 30 | D16: 29 | E16: =D16/C16 -> 0.96666667 | F16: 349 | G16: 348 | H16: =G16/F16 -> 0.99713467 | I16: 86 | J16: 82 | K16: =J16/I16 -> 0.95348837 | L16: 465 | M16: 459 | N16: =M16/L16 -> 0.98709677
A17: 13 | B17: Jammu and Kashmir | C17: 16 | D17: 16 | E17: =D17/C17 -> 1 | F17: 341 | G17: 337 | H17: =G17/F17 -> 0.98826979 | I17: 164 | J17: 145 | K17: =J17/I17 -> 0.88414634 | L17: 521 | M17: 498 | N17: =M17/L17 -> 0.95585413
... A21: 17 | B21: Ladakh | C21: 2 | D21: 2 | E21: =D21/C21 -> 1 | F21: 6 | G21: 6 | H21: =G21/F21 -> 1 | I21: 7 | J21: 6 | K21: =J21/I21 -> 0.85714286 | L21: 15 | M21: 14 | N21: =M21/L21 -> 0.93333333
A22: 18 | B22: Lakshadweep*
A23: 19 | B23: Madhya Pradesh | C23: 77 | D23: 77 | E23: =D23/C23 -> 1 | F23: 2742 | G23: 2464 | H23: =G23/F23 -> 0.89861415 | I23: 401 | J23: 290 | K23: =J23/I23 -> 0.72319202 | L23: 3220 | M23: 2831 | N23: =M23/L23 -> 0.87919255
A24: 20 | B24: Maharashtra | C24: 74 | D24: 74 | E24: =D24/C24 -> 1 | F24: 4692 | G24: 4685 | H24: =G24/F24 -> 0.9985081 | I24: 2237 | J24: 2087 | K24: =J24/I24 -> 0.93294591 | L24: 7003 | M24: 6846 | N24: =M24/L24 -> 0.97758104
A25: 21 | B25: Manipur | C25: 10 | D25: 9 | E25: =D25/C25 -> 0.9 | F25: 108 | G25: 103 | H25: =G25/F25 -> 0.9537037 | I25: 36 | J25: 34 | K25: =J25/I25 -> 0.94444444 | L25: 154 | M25: 146 | N25: =M25/L25 -> 0.94805195
A26: 22 | B26: Meghalaya | C26: 11 | D26: 11 | E26: =D26/C26 -> 1 | F26: 77 | G26: 69 | H26: =G26/F26 -> 0.8961039 | I26: 23 | J26: 22 | K26: =J26/I26 -> 0.95652174 | L26: 111 | M26: 102 | N26: =M26/L26 -> 0.91891892
A27: 23 | B27: Mizoram | C27: 3 | D27: 3 | E27: =D27/C27 -> 1 | F27: 40 | G27: 40 | H27: =G27/F27 -> 1 | I27: 52 | J27: 50 | K27: =J27/I27 -> 0.96153846 | L27: 95 | M27: 93 | N27: =M27/L27 -> 0.97894737
A28: 24 | B28: Nagaland | C28: 6 | D28: 6 | E28: =D28/C28 -> 1 | F28: 69 | G28: 68 | H28: =G28/F28 -> 0.98550725 | I28: 23 | J28: 22 | K28: =J28/I28 -> 0.95652174 | L28: 98 | M28: 96 | N28: =M28/L28 -> 0.97959184
A29: 25 | B29: Odisha | C29: 37 | D29: 37 | E29: =D29/C29 -> 1 | F29: 1300 | G29: 1289 | H29: =G29/F29 -> 0.99153846 | I29: 521 | J29: 521 | K29: =J29/I29 -> 1 | L29: 1858 | M29: 1847 | N29: =M29/L29 -> 0.99407966
A30: 26 | B30: Puducherry | C30: 4 | D30: 4 | E30: =D30/C30 -> 1 | F30: 82 | G30: 68 | H30: =G30/F30 -> 0.82926829 | I30: 12 | J30: 11 | K30: =J30/I30 -> 0.91666667 | L30: 98 | M30: 83 | N30: =M30/L30 -> 0.84693878
A31: 27 | B31: Punjab | C31: 40 | D31: 40 | E31: =D31/C31 -> 1 | F31: 1044 | G31: 1037 | H31: =G31/F31 -> 0.99329502 | I31: 367 | J31: 357 | K31: =J31/I31 -> 0.97275204 | L31: 1451 | M31: 1434 | N31: =M31/L31 -> 0.98828394
A32: 28 | B32: Rajasthan | C32: 90 | D32: 89 | E32: =D32/C32 -> 0.98888889 | F32: 3934 | G32: 3521 | H32: =G32/F32 -> 0.89501779 | I32: 574 | J32: 465 | K32: =J32/I32 -> 0.81010453 | L32: 4598 | M32: 4075 | N32: =M32/L32 -> 0.88625489
A33: 29 | B33: Sikkim | C33: 9 | D33: 7 | E33: =D33/C33 -> 0.77777778 | F33: 24 | G33: 20 | H33: =G33/F33 -> 0.83333333 | I33: 8 | J33: 8 | K33: =J33/I33 -> 1 | L33: 41 | M33: 35 | N33: =M33/L33 -> 0.85365854
A34: 30 | B34: Tamil Nadu | C34: 62 | D34: 62 | E34: =D34/C34 -> 1 | F34: 2829 | G34: 2807 | H34: =G34/F34 -> 0.9922234 | I34: 899 | J34: 867 | K34: =J34/I34 -> 0.96440489 | L34: 3790 | M34: 3736 | N34: =M34/L34 -> 0.98575198
A35: 31 | B35: Telangana | C35: 31 | D35: 31 | E35: =D35/C35 -> 1 | F35: 2083 | G35: 1940 | H35: =G35/F35 -> 0.93134902 | I35: 459 | J35: 391 | K35: =J35/I35 -> 0.85185185 | L35: 2573 | M35: 2362 | N35: =M35/L35 -> 0.91799456
A36: 32 | B36: D & N Haveli and Daman & Diu | F36: 19 | G36: 19 | H36: =G36/F36 -> 1 | I36: 1 | J36: 1 | K36: =J36/I36 -> 1 | L36: 20 | M36: 20 | N36: =M36/L36 -> 1
A37: 33 | B37: Tripura | C37: 5 | D37: 5 | E37: =D37/C37 -> 1 | F37: 54 | G37: 54 | H37: =G37/F37 -> 1 | I37: 14 | J37: 13 | K37: =J37/I37 -> 0.92857143 | L37: 73 | M37: 72 | N37: =M37/L37 -> 0.98630137
A38: 34 | B38: Uttar Pradesh | C38: 91 | D38: 91 | E38: =D38/C38 -> 1 | F38: 8375 | G38: 7182 | H38: =G38/F38 -> 0.85755224 | I38: 1194 | J38: 939 | K38: =J38/I38 -> 0.78643216 | L38: 9660 | M38: 8212 | N38: =M38/L38 -> 0.85010352
A39: 35 | B39: Uttarakhand | C39: 38 | D39: 37 | E39: =D39/C39 -> 0.97368421 | F39: 500 | G39: 402 | H39: =G39/F39 -> 0.804 | I39: 156 | J39: 141 | K39: =J39/I39 -> 0.90384615 | L39: 694 | M39: 580 | N39: =M39/L39 -> 0.83573487
A40: 36 | B40: West Bengal | C40: 58 | D40: 58 | E40: =D40/C40 -> 1 | F40: 1514 | G40: 1510 | H40: =G40/F40 -> 0.99735799 | I40: 574 | J40: 571 | K40: =J40/I40 -> 0.99477352 | L40: 2146 | M40: 2139 | N40: =M40/L40 -> 0.99673812
A41: All India | C41: 1168 | D41: 1162 | E41: =D41/C41 -> 0.99486301 | F41: 45473 | G41: 42825 | H41: =G41/F41 -> 0.94176764 | I41: 12002 | J41: 10576 | K41: =J41/I41 -> 0.88118647 | L41: 58643 | M41: 54563 | N41: =M41/L41 -> 0.93042648
A42: * Lakshadweep dose not have any University/Colleges & Stand Alone Institutions. However 3 PG/Off-shore campus of University of Calicut, Malappuram are functiong from Lakshadweep.

Sheet 2University-Specialisation
B1: Table 2. | C1: States/UTs & Specialisation-wise Number of Universities (Based on Actual Response) | N1: =C1 -> States/UTs & Specialisation-wise Number of Universities (Based on Actual Response)
A2: S.No. | B2: States/UTs | C2: General | D2: Agriculture | E2: Education | F2: Chartered Accountant | G2: Cultural Studies | H2: Fine Arts | I2: Fisheries | J2: Gandhian / Religious Study | K2: Journalism & Mass Communication | L2: Language | M2: Law | N2: Management | O2: Medical | P2: Oriental Learning | Q2: Rural Development | R2: Sanskrit | S2: Science | T2: Social Science | U2: Sports/Yoga/Physical Education | V2: Technical | W2: Veterinary | X2: Other | Y2: Grand Total
A3: 1 | B3: 2 | C3: 3 | D3: 4 | E3: 5 | F3: 6 | G3: 7 | H3: 8 | I3: 9 | J3: 10 | K3: 11 | L3: 12 | M3: 13 | N3: 14 | O3: 15 | P3: 16 | Q3: 17 | R3: 18 | S3: 19 | T3: 20 | U3: 21 | V3: 22 | W3: 23 | X3: 24 | Y3: 25
A4: 1 | B4: Andhra Pradesh | C4: 21 | D4: 2 | H4: 1 | L4: 1 | M4: 1 | N4: 1 | O4: 3 | R4: 2 | S4: 2 | V4: 12 | W4: 1 | Y4: 47
A5: 2 | B5: Arunachal Pradesh | C5: 7 | O5: 1 | V5: 2 | Y5: 10
A6: 3 | B6: Assam | C6: 16 | D6: 1 | G6: 1 | M6: 1 | O6: 2 | R6: 1 | U6: 1 | V6: 7 | Y6: 30
A7: 4 | B7: Bihar | C7: 25 | D7: 2 | N7: 1 | O7: 3 | P7: 1 | R7: 1 | V7: 3 | W7: 1 | Y7: 37
A8: 5 | B8: Chandigarh | C8: 1 | O8: 1 | V8: 1 | Y8: 3
A9: 6 | B9: Chhattisgarh | C9: 23 | E9: 1 | K9: 1 | M9: 1 | N9: 2 | O9: 2 | V9: 4 | Y9: 34
A10: 7 | B10: Delhi | C10: 10 | D10: 1 | E10: 1 | H10: 1 | M10: 2 | O10: 3 | R10: 2 | S10: 1 | V10: 8 | X10: 1 | Y10: 30
A11: 8 | B11: Goa | C11: 1 | V11: 2 | Y11: 3
A12: 9 | B12: Gujarat | C12: 57 | D12: 4 | E12: 1 | M12: 1 | N12: 2 | O12: 4 | R12: 1 | S12: 3 | U12: 2 | V12: 15 | X12: 1 | Y12: 91
A13: 10 | B13: Haryana | C13: 34 | D13: 3 | M13: 1 | N13: 1 | O13: 3 | R13: 1 | S13: 3 | T13: 1 | V13: 8 | W13: 1 | Y13: 56
A14: 11 | B14: Himachal Pradesh | C14: 16 | D14: 2 | F14: 1 | M14: 1 | N14: 1 | O14: 1 | V14: 7 | Y14: 29
A15: 12 | B15: Jammu and Kashmir | C15: 8 | D15: 2 | N15: 1 | O15: 2 | S15: 1 | V15: 2 | Y15: 16
A16: 13 | B16: Jharkhand | C16: 21 | D16: 1 | F16: 1 | M16: 1 | N16: 1 | O16: 1 | V16: 6 | X16: 1 | Y16: 33
A17: 14 | B17: Karnataka | C17: 44 | D17: 5 | H17: 1 | M17: 2 | N17: 1 | O17: 5 | Q17: 1 | R17: 1 | S17: 4 | T17: 2 | U17: 1 | V17: 7 | W17: 1 | Y17: 75
A18: 15 | B18: Kerala | C18: 8 | D18: 1 | I18: 1 | L18: 1 | M18: 1 | N18: 1 | O18: 2 | R18: 1 | S18: 2 | V18: 5 | W18: 1 | X18: 1 | Y18: 25
A19: 16 | B19: Ladakh | C19: 1 | P19: 1 | Y19: 2
A20: 17 | B20: Madhya Pradesh | C20: 48 | D20: 2 | H20: 1 | J20: 1 | K20: 1 | L20: 1 | M20: 2 | N20: 1 | O20: 3 | R20: 2 | S20: 3 | T20: 1 | U20: 1 | V20: 10 | Y20: 77
A21: 18 | B21: Maharashtra | C21: 37 | D21: 5 | H21: 1 | I21: 1 | L21: 1 | M21: 3 | N21: 2 | O21: 7 | R21: 1 | S21: 4 | T21: 3 | V21: 8 | W21: 1 | Y21: 74
A22: 19 | B22: Manipur | C22: 3 | D22: 1 | G22: 1 | U22: 1 | V22: 3 | Y22: 9
A23: 20 | B23: Meghalaya | C23: 6 | F23: 1 | N23: 1 | S23: 1 | V23: 2 | Y23: 11
A24: 21 | B24: Mizoram | C24: 1 | F24: 1 | V24: 1 | Y24: 3
A25: 22 | B25: Nagaland | C25: 4 | F25: 1 | V25: 1 | Y25: 6
A26: 23 | B26: Odisha | C26: 19 | D26: 1 | G26: 1 | M26: 2 | N26: 1 | O26: 2 | R26: 1 | S26: 1 | T26: 1 | V26: 8 | Y26: 37
A27: 24 | B27: Puducherry | C27: 2 | O27: 1 | V27: 1 | Y27: 4
A28: 25 | B28: Punjab | C28: 22 | D28: 1 | M28: 1 | N28: 1 | O28: 4 | S28: 1 | U28: 1 | V28: 8 | W28: 1 | Y28: 40
A29: 26 | B29: Rajasthan | C29: 56 | D29: 5 | K29: 1 | M29: 2 | N29: 1 | O29: 8 | R29: 2 | S29: 1 | U29: 1 | V29: 11 | W29: 1 | Y29: 89
A30: 27 | B30: Sikkim | C30: 5 | F30: 1 | V30: 1 | Y30: 7
A31: 28 | B31: Tamil Nadu | C31: 28 | D31: 1 | H31: 1 | I31: 1 | L31: 1 | M31: 2 | N31: 1 | O31: 3 | Q31: 1 | S31: 2 | U31: 3 | V31: 17 | W31: 1 | Y31: 62
A32: 29 | B32: Telangana | C32: 15 | D32: 2 | H32: 1 | L32: 1 | M32: 1 | O32: 4 | P32: 1 | V32: 5 | W32: 1 | Y32: 31
A33: 30 | B33: Tripura | C33: 2 | F33: 1 | V33: 2 | Y33: 5
A34: 31 | B34: Uttar Pradesh | C34: 51 | D34: 6 | E34: 1 | H34: 1 | J34: 1 | L34: 1 | M34: 1 | N34: 1 | O34: 9 | R34: 1 | S34: 1 | V34: 14 | W34: 2 | X34: 1 | Y34: 91
A35: 32 | B35: Uttarakhand | C35: 23 | D35: 3 | N35: 1 | O35: 3 | R35: 2 | V35: 5 | Y35: 37
A36: 33 | B36: West Bengal | C36: 40 | D36: 2 | E36: 1 | I36: 1 | L36: 1 | M36: 1 | N36: 1 | O36: 2 | S36: 3 | V36: 6 | Y36: 58
A37: All India | C37: 655 | D37: 53 | E37: 5 | F37: 7 | G37: 3 | H37: 8 | I37: 4 | J37: 2 | K37: 3 | L37: 8 | M37: 27 | N37: 23 | O37: 79 | P37: 3 | Q37: 2 | R37: 19 | S37: 33 | T37: 8 | U37: 11 | V37: 192 | W37: 12 | X37: 5 | Y37: 1162

Sheet 3Collegerange
B1: Table 3. States/UTs-wise Distribution of Districts in Different Ranges of number of Colleges
A2: S.No. | B2: States/UTs | C2: Number of College
C3: Less than 10 | D3: 10-19 | E3: 20-49 | F3: 50-99 | G3: 100-199 | H3: 200-299 | I3: 300-399 | J3: 400-499 | K3: 500-999 | L3: More than 1000
A4: 1 | B4: 2 | C4: 3 | D4: 4 | E4: 5 | F4: 6 | G4: 7 | H4: 8 | I4: 9 | J4: 10 | K4: 11 | L4: 12
A5: 1 | B5: A & N Islands | C5: 3
A6: 2 | B6: Andhra Pradesh | C6: 4 | G6: 7 | H6: 6
A7: 3 | B7: Arunachal Pradesh | C7: 15 | D7: 1
A8: 4 | B8: Assam | C8: 7 | D8: 12 | E8: 11 | G8: 1
A9: 5 | B9: Bihar | C9: 5 | D9: 12 | E9: 16 | F9: 4 | G9: 1
A10: 6 | B10: Chandigarh | E10: 1
A11: 7 | B11: Chhattisgarh | C11: 5 | D11: 8 | E11: 8 | F11: 3 | G11: 3
A12: 8 | B12: Delhi | C12: 3 | D12: 4 | E12: 4
A13: 9 | B13: Goa | E13: 2
A14: 10 | B14: Gujarat | C14: 1 | D14: 4 | E14: 10 | F14: 9 | G14: 8 | H14: 1
A15: 11 | B15: Haryana | C15: 1 | D15: 1 | E15: 10 | F15: 10
A16: 12 | B16: Himachal Pradesh | C16: 2 | D16: 3 | E16: 5 | F16: 2
A17: 13 | B17: Jammu and Kashmir | C17: 9 | D17: 6 | E17: 4 | F17: 1
A18: 14 | B18: Jharkhand | C18: 10 | D18: 9 | E18: 4 | F18: 1
A19: 15 | B19: Karnataka | C19: 1 | E19: 4 | F19: 12 | G19: 10 | H19: 2 | I19: 1 | L19: 1
A20: 16 | B20: Kerala | E20: 1 | F20: 6 | G20: 7
A21: 17 | B21: Ladakh | C21: 2
A22: 18 | B22: Lakshadweep
A23: 19 | B23: Madhya Pradesh | C23: 4 | D23: 6 | E23: 29 | F23: 8 | G23: 2 | H23: 2 | I23: 1
A24: 20 | B24: Maharashtra | E24: 3 | F24: 12 | G24: 14 | H24: 5 | I24: 1 | J24: 1
A25: 21 | B25: Manipur | C25: 7 | D25: 3 | E25: 2
A26: 22 | B26: Meghalaya | C26: 7 | D26: 1 | E26: 1
A27: 23 | B27: Mizoram | C27: 7 | E27: 1
A28: 24 | B28: Nagaland | C28: 9 | E28: 2
A29: 25 | B29: Odisha | C29: 2 | D29: 5 | E29: 16 | F29: 4 | G29: 2 | H29: 1
A30: 26 | B30: Puducherry | C30: 2 | D30: 1 | F30: 1
A31: 27 | B31: Punjab | D31: 3 | E31: 10 | F31: 8 | G31: 1
A32: 28 | B32: Rajasthan | D32: 2 | E32: 7 | F32: 10 | G32: 10 | H32: 2 | I32: 1 | K32: 1
A33: 29 | B33: Sikkim | C33: 3 | D33: 1
A34: 30 | B34: Tamil Nadu | C34: 1 | D34: 4 | E34: 10 | F34: 14 | G34: 7 | H34: 2
A35: 31 | B35: Telangana | C35: 16 | D35: 3 | E35: 3 | F35: 2 | G35: 6 | I35: 1 | J35: 1
A36: 32 | B36: D & N Haveli and Daman & Diu | C36: 3
A37: 33 | B37: Tripura | C37: 6 | E37: 1
A38: 34 | B38: Uttar Pradesh | D38: 3 | E38: 14 | F38: 26 | G38: 22 | H38: 8 | I38: 2
A39: 35 | B39: Uttarakhand | C39: 2 | D39: 5 | E39: 3 | F39: 1 | G39: 2
A40: 36 | B40: West Bengal | C40: 2 | E40: 7 | F40: 8 | G40: 5
A41: All India | C41: 139 | D41: 97 | E41: 189 | F41: 142 | G41: 108 | H41: 29 | I41: 7 | J41: 2 | K41: 1 | L41: 1

Sheet 4CollegeIndicator
A1: Table 4. Number of College per Lakh Population(18-23 years), Average Enrolment per College
A2: S.No. | B2: States/UTs | C2: No. of College registered with AISHE | D2: No. of College per lakh population | E2: Average Enrolment*
A4: 1 | B4: 2 | C4: 3 | D4: 4 | E4: 5
A5: 1 | B5: A & N Islands | C5: 9 | D5: 17.813795 | E5: =VLOOKUP($B5,'[1]8CollegeAct'!$B$5:$AF$40,31,0) -> 808
A6: 2 | B6: Andhra Pradesh | C6: 2602 | D6: 49.23368 | E6: =VLOOKUP($B6,'[1]8CollegeAct'!$B$5:$AF$40,31,0) -> 554
A7: 3 | B7: Arunachal Pradesh | C7: 44 | D7: 24.76362 | E7: =VLOOKUP($B7,'[1]8CollegeAct'!$B$5:$AF$40,31,0) -> 666
A8: 4 | B8: Assam | C8: 607 | D8: 15.10326 | E8: =VLOOKUP($B8,'[1]8CollegeAct'!$B$5:$AF$40,31,0) -> 906
A9: 5 | B9: Bihar | C9: 1092 | D9: 7.102901 | E9: =VLOOKUP($B9,'[1]8CollegeAct'!$B$5:$AF$40,31,0) -> 2088
A10: 6 | B10: Chandigarh | C10: 26 | D10: 15.184312 | E10: =VLOOKUP($B10,'[1]8CollegeAct'!$B$5:$AF$40,31,0) -> 1888
A11: 7 | B11: Chhattisgarh | C11: 917 | D11: 27.356802 | E11: =VLOOKUP($B11,'[1]8CollegeAct'!$B$5:$AF$40,31,0) -> 606
A12: 8 | B12: Delhi | C12: 188 | D12: 8.0376229 | E12: =VLOOKUP($B12,'[1]8CollegeAct'!$B$5:$AF$40,31,0) -> 1752
A13: 9 | B13: Goa | C13: 62 | D13: 33.929788 | E13: =VLOOKUP($B13,'[1]8CollegeAct'!$B$5:$AF$40,31,0) -> 680
A14: 10 | B14: Gujarat | C14: 2395 | D14: 32.031563 | E14: =VLOOKUP($B14,'[1]8CollegeAct'!$B$5:$AF$40,31,0) -> 537
A15: 11 | B15: Haryana | C15: 1090 | D15: 32.910628 | E15: =VLOOKUP($B15,'[1]8CollegeAct'!$B$5:$AF$40,31,0) -> 614
A16: 12 | B16: Himachal Pradesh | C16: 349 | D16: 47.03504 | E16: =VLOOKUP($B16,'[1]8CollegeAct'!$B$5:$AF$40,31,0) -> 577
... A21: 17 | B21: Ladakh | C21: 6 | D21: 15.585734 | E21: =VLOOKUP($B21,'[1]8CollegeAct'!$B$5:$AF$40,31,0) -> 514
A22: 18 | B22: Lakshadweep
A23: 19 | B23: Madhya Pradesh | C23: 2742 | D23: 28.297214 | E23: =VLOOKUP($B23,'[1]8CollegeAct'!$B$5:$AF$40,31,0) -> 808
A24: 20 | B24: Maharashtra | C24: 4692 | D24: 36.189742 | E24: =VLOOKUP($B24,'[1]8CollegeAct'!$B$5:$AF$40,31,0) -> 685
A25: 21 | B25: Manipur | C25: 108 | D25: 29.322257 | E25: =VLOOKUP($B25,'[1]8CollegeAct'!$B$5:$AF$40,31,0) -> 1013
A26: 22 | B26: Meghalaya | C26: 77 | D26: 20.248813 | E26: =VLOOKUP($B26,'[1]8CollegeAct'!$B$5:$AF$40,31,0) -> 909
A27: 23 | B27: Mizoram | C27: 40 | D27: 27.601092 | E27: =VLOOKUP($B27,'[1]8CollegeAct'!$B$5:$AF$40,31,0) -> 669
A28: 24 | B28: Nagaland | C28: 69 | D28: 25.26758 | E28: =VLOOKUP($B28,'[1]8CollegeAct'!$B$5:$AF$40,31,0) -> 533
A29: 25 | B29: Odisha | C29: 1300 | D29: 26.710499 | E29: =VLOOKUP($B29,'[1]8CollegeAct'!$B$5:$AF$40,31,0) -> 576
A30: 26 | B30: Puducherry | C30: 82 | D30: 53.322447 | E30: =VLOOKUP($B30,'[1]8CollegeAct'!$B$5:$AF$40,31,0) -> 760
A31: 27 | B31: Punjab | C31: 1044 | D31: 33.301435 | E31: =VLOOKUP($B31,'[1]8CollegeAct'!$B$5:$AF$40,31,0) -> 494
A32: 28 | B32: Rajasthan | C32: 3934 | D32: 41.784387 | E32: =VLOOKUP($B32,'[1]8CollegeAct'!$B$5:$AF$40,31,0) -> 513
A33: 29 | B33: Sikkim | C33: 24 | D33: 27.434246 | E33: =VLOOKUP($B33,'[1]8CollegeAct'!$B$5:$AF$40,31,0) -> 712
A34: 30 | B34: Tamil Nadu | C34: 2829 | D34: 40.218937 | E34: =VLOOKUP($B34,'[1]8CollegeAct'!$B$5:$AF$40,31,0) -> 808
... A40: 36 | B40: West Bengal | C40: 1514 | D40: 14.646416 | E40: =VLOOKUP($B40,'[1]8CollegeAct'!$B$5:$AF$40,31,0) -> 1189
A41: All India | C41: 45473 | D41: 29.827746 | E41: 709
B42: *Average Enroment is calculated on the basis of enrolment including estimation

Sheet New Table 4a Revised
A1: Table 4(a). | C1: Specialisation-wise number of Colleges (Based on Actual Response) | L1: Specialisation-wise number of Colleges (Based on Actual Response) | V1: Specialisation-wise number of Colleges (Based on Actual Response)
A2: S. No. | B2: State/UTs | C2: General | D2: Agriculture | E2: Architecture | F2: Arts | G2: Commerce | H2: Education/Teacher Education | I2: Engineering & Technology | J2: Fine Arts | K2: Fisheries | L2: Home Science | M2: Hotel & Tourism Management | N2: Journalism & Mass Communication | O2: Law | P2: Management | Q2: Medical-Allopathy | R2: Medical-Ayurveda | S2: Medical-Dental | T2: Medical-Homeopathy | U2: Medical-Others | V2: Nursing | W2: Oriental Learning | X2: Others | Y2: Para Medical | Z2: Pharmacy | AA2: Physiotherapy | AB2: Sanskrit | AC2: Science | AD2: Social Work | AE2: Sports/Yoga/Physical Education | AF2: Veterinary | AG2: Grand Total
A3: 1 | B3: 2 | C3: 3 | D3: 4 | E3: 5 | F3: 6 | G3: 7 | H3: 8 | I3: 9 | J3: 10 | K3: 11 | L3: 12 | M3: 13 | N3: 14 | O3: 15 | P3: 16 | Q3: 17 | R3: 18 | S3: 19 | T3: 20 | U3: 21 | V3: 22 | W3: 23 | X3: 24 | Y3: 25 | Z3: 26 | AA3: 27 | AB3: 28 | AC3: 29 | AD3: 30 | AE3: 31 | AF3: 32 | AG3: 33
A4: 1 | B4: A&N Islands | C4: 3 | D4: 0 | F4: 0 | G4: 0 | H4: 1 | I4: 1 | J4: 0 | K4: 0 | L4: 0 | M4: 0 | N4: 0 | O4: 1 | P4: 0 | Q4: 0 | R4: 0 | S4: 0 | T4: 0 | U4: 2 | V4: 0 | W4: 0 | X4: 0 | Y4: 0 | Z4: 0 | AA4: 0 | AB4: 0 | AC4: 1 | AD4: 0 | AE4: 0 | AF4: 0 | AG4: 9
A5: 2 | B5: Andhra Pradesh | C5: 1756 | D5: 36 | E5: 7 | F5: 8 | G5: 3 | H5: 119 | I5: 278 | J5: 1 | K5: 0 | L5: 1 | M5: 7 | N5: 0 | O5: 15 | P5: 39 | Q5: 17 | R5: 2 | S5: 13 | T5: 7 | U5: 18 | V5: 116 | W5: 3 | X5: 8 | Y5: 11 | Z5: 73 | AA5: 24 | AB5: 1 | AC5: 6 | AD5: 0 | AE5: 9 | AF5: 4 | AG5: 2582
A6: 3 | B6: Arunachal Pradesh | C6: 27 | D6: 1 | F6: 2 | G6: 0 | H6: 6 | I6: 0 | J6: 0 | K6: 0 | L6: 0 | M6: 0 | N6: 0 | O6: 2 | P6: 0 | Q6: 1 | R6: 0 | S6: 0 | T6: 1 | U6: 0 | V6: 3 | W6: 0 | X6: 0 | Y6: 0 | Z6: 0 | AA6: 0 | AB6: 0 | AC6: 0 | AD6: 0 | AE6: 0 | AF6: 0 | AG6: 43
A7: 4 | B7: Assam | C7: 368 | D7: 3 | E7: 2 | F7: 40 | G7: 11 | H7: 42 | I7: 11 | J7: 1 | K7: 1 | L7: 0 | M7: 0 | N7: 0 | O7: 18 | P7: 5 | Q7: 3 | R7: 1 | S7: 0 | T7: 2 | U7: 3 | V7: 10 | W7: 0 | X7: 3 | Y7: 5 | Z7: 12 | AA7: 1 | AB7: 1 | AC7: 7 | AD7: 1 | AE7: 0 | AF7: 2 | AG7: 553
A8: 5 | B8: Bihar | C8: 594 | D8: 6 | F8: 18 | G8: 1 | H8: 224 | I8: 61 | J8: 1 | K8: 0 | L8: 0 | M8: 0 | N8: 0 | O8: 17 | P8: 5 | Q8: 11 | R8: 3 | S8: 2 | T8: 6 | U8: 10 | V8: 26 | W8: 0 | X8: 4 | Y8: 8 | Z8: 19 | AA8: 0 | AB8: 55 | AC8: 0 | AD8: 0 | AE8: 0 | AF8: 1 | AG8: 1072
A9: 6 | B9: Chandigarh | C9: 9 | D9: 0 | E9: 1 | F9: 0 | G9: 1 | H9: 4 | I9: 2 | J9: 1 | K9: 0 | L9: 1 | M9: 0 | N9: 0 | O9: 0 | P9: 1 | Q9: 0 | R9: 1 | S9: 0 | T9: 1 | U9: 1 | V9: 0 | W9: 0 | X9: 0 | Y9: 0 | Z9: 0 | AA9: 0 | AB9: 0 | AC9: 0 | AD9: 0 | AE9: 2 | AF9: 1 | AG9: 26
A10: 7 | B10: Chhattisgarh | C10: 542 | D10: 27 | E10: 1 | F10: 8 | G10: 2 | H10: 61 | I10: 70 | J10: 3 | K10: 1 | L10: 0 | M10: 0 | N10: 1 | O10: 10 | P10: 4 | Q10: 6 | R10: 5 | S10: 6 | T10: 3 | U10: 7 | V10: 90 | W10: 0 | X10: 1 | Y10: 0 | Z10: 25 | AA10: 2 | AB10: 4 | AC10: 7 | AD10: 0 | AE10: 3 | AF10: 6 | AG10: 895
A11: 8 | B11: Delhi | C11: 91 | D11: 0 | E11: 2 | F11: 0 | G11: 1 | H11: 12 | I11: 15 | J11: 2 | K11: 0 | L11: 1 | M11: 1 | N11: 1 | O11: 1 | P11: 10 | Q11: 9 | R11: 2 | S11: 2 | T11: 2 | U11: 5 | V11: 6 | W11: 0 | X11: 4 | Y11: 1 | Z11: 1 | AA11: 0 | AB11: 0 | AC11: 0 | AD11: 0 | AE11: 2 | AF11: 0 | AG11: 171
A12: 9 | B12: Goa | C12: 29 | D12: 2 | E12: 1 | F12: 0 | G12: 1 | H12: 4 | I12: 6 | J12: 2 | K12: 0 | L12: 1 | M12: 3 | N12: 0 | O12: 2 | P12: 0 | Q12: 2 | R12: 1 | S12: 1 | T12: 1 | U12: 0 | V12: 2 | W12: 0 | X12: 3 | Y12: 0 | Z12: 1 | AA12: 0 | AB12: 0 | AC12: 0 | AD12: 0 | AE12: 0 | AF12: 0 | AG12: 62
A13: 10 | B13: Gujarat | C13: 914 | D13: 33 | E13: 28 | F13: 115 | G13: 86 | H13: 221 | I13: 239 | J13: 3 | K13: 3 | L13: 3 | M13: 6 | N13: 1 | O13: 59 | P13: 69 | Q13: 21 | R13: 24 | S13: 9 | T13: 30 | U13: 59 | V13: 131 | W13: 1 | X13: 51 | Y13: 23 | Z13: 46 | AA13: 41 | AB13: 21 | AC13: 108 | AD13: 17 | AE13: 5 | AF13: 7 | AG13: 2374
A14: 11 | B14: Haryana | C14: 539 | D14: 4 | E14: 5 | F14: 4 | G14: 0 | H14: 285 | I14: 83 | J14: 0 | K14: 1 | L14: 0 | M14: 2 | N14: 0 | O14: 18 | P14: 22 | Q14: 4 | R14: 5 | S14: 6 | T14: 1 | U14: 7 | V14: 34 | W14: 1 | X14: 6 | Y14: 0 | Z14: 35 | AA14: 5 | AB14: 5 | AC14: 2 | AD14: 0 | AE14: 0 | AF14: 15 | AG14: 1089
A15: 12 | B15: Himachal Pradesh | C15: 196 | D15: 0 | E15: 1 | F15: 2 | G15: 0 | H15: 41 | I15: 15 | J15: 1 | K15: 0 | L15: 0 | M15: 5 | N15: 0 | O15: 6 | P15: 4 | Q15: 1 | R15: 2 | S15: 5 | T15: 1 | U15: 7 | V15: 22 | W15: 1 | X15: 1 | Y15: 0 | Z15: 16 | AA15: 0 | AB15: 17 | AC15: 1 | AD15: 0 | AE15: 1 | AF15: 2 | AG15: 348
A16: 13 | B16: Jammu and Kashmir | C16: 202 | D16: 4 | E16: 2 | F16: 2 | G16: 1 | H16: 68 | I16: 11 | J16: 0 | K16: 1 | L16: 0 | M16: 0 | N16: 0 | O16: 7 | P16: 1 | Q16: 6 | R16: 2 | S16: 3 | T16: 0 | U16: 7 | V16: 10 | W16: 3 | X16: 1 | Y16: 1 | Z16: 1 | AA16: 1 | AB16: 0 | AC16: 0 | AD16: 0 | AE16: 2 | AF16: 1 | AG16: 337
A17: 14 | B17: Jharkhand | C17: 199 | D17: 4 | E17: 2 | F17: 8 | G17: 1 | H17: 79 | I17: 31 | J17: 0 | K17: 0 | L17: 0 | M17: 1 | N17: 0 | O17: 6 | P17: 0 | Q17: 4 | R17: 0 | S17: 3 | T17: 3 | U17: 5 | V17: 13 | W17: 0 | X17: 1 | Y17: 0 | Z17: 1 | AA17: 0 | AB17: 4 | AC17: 0 | AD17: 0 | AE17: 0 | AF17: 0 | AG17: 365
A18: 15 | B18: Karnataka | C18: 2493 | D18: 21 | E18: 31 | F18: 129 | G18: 119 | H18: 157 | I18: 206 | J18: 13 | K18: 1 | L18: 2 | M18: 9 | N18: 2 | O18: 77 | P18: 95 | Q18: 42 | R18: 78 | S18: 37 | T18: 16 | U18: 78 | V18: 388 | W18: 3 | X18: 52 | Y18: 36 | Z18: 76 | AA18: 48 | AB18: 23 | AC18: 20 | AD18: 12 | AE18: 13 | AF18: 6 | AG18: 4283
A19: 16 | B19: Kerala | C19: 643 | D19: 6 | E19: 27 | F19: 50 | G19: 2 | H19: 120 | I19: 141 | J19: 7 | K19: 0 | L19: 1 | M19: 3 | N19: 0 | O19: 14 | P19: 36 | Q19: 16 | R19: 14 | S19: 21 | T19: 6 | U19: 22 | V19: 104 | W19: 7 | X19: 11 | Y19: 27 | Z19: 40 | AA19: 2 | AB19: 3 | AC19: 5 | AD19: 0 | AE19: 1 | AF19: 3 | AG19: 1332
A20: 17 | B20: Ladakh | C20: 5 | D20: 0 | F20: 1 | G20: 0 | H20: 0 | I20: 0 | J20: 0 | K20: 0 | L20: 0 | M20: 0 | N20: 0 | O20: 0 | P20: 0 | Q20: 0 | R20: 0 | S20: 0 | T20: 0 | U20: 0 | V20: 0 | W20: 0 | X20: 0 | Y20: 0 | Z20: 0 | AA20: 0 | AB20: 0 | AC20: 0 | AD20: 0 | AE20: 0 | AF20: 0 | AG20: 6
A21: 18 | B21: Madhya Pradesh | C21: 1426 | D21: 16 | E21: 4 | F21: 41 | G21: 6 | H21: 274 | I21: 175 | J21: 20 | K21: 1 | L21: 1 | M21: 1 | N21: 0 | O21: 52 | P21: 83 | Q21: 7 | R21: 24 | S21: 6 | T21: 11 | U21: 13 | V21: 132 | W21: 3 | X21: 10 | Y21: 36 | Z21: 91 | AA21: 0 | AB21: 8 | AC21: 15 | AD21: 1 | AE21: 2 | AF21: 5 | AG21: 2464
A22: 19 | B22: Maharashtra | C22: 2756 | D22: 107 | E22: 85 | F22: 147 | G22: 69 | H22: 177 | I22: 398 | J22: 22 | K22: 4 | L22: 11 | M22: 22 | N22: 6 | O22: 96 | P22: 97 | Q22: 38 | R22: 59 | S22: 23 | T22: 40 | U22: 34 | V22: 104 | W22: 0 | X22: 53 | Y22: 3 | Z22: 164 | AA22: 47 | AB22: 6 | AC22: 53 | AD22: 39 | AE22: 19 | AF22: 6 | AG22: 4685
A23: 20 | B23: Manipur | C23: 66 | D23: 4 | F23: 0 | G23: 0 | H23: 9 | I23: 7 | J23: 1 | K23: 0 | L23: 0 | M23: 0 | N23: 0 | O23: 1 | P23: 2 | Q23: 0 | R23: 0 | S23: 1 | T23: 0 | U23: 2 | V23: 6 | W23: 0 | X23: 0 | Y23: 0 | Z23: 0 | AA23: 0 | AB23: 0 | AC23: 1 | AD23: 3 | AE23: 0 | AF23: 0 | AG23: 103
A24: 21 | B24: Meghalaya | C24: 48 | D24: 1 | F24: 9 | G24: 1 | H24: 4 | I24: 1 | J24: 0 | K24: 0 | L24: 0 | M24: 0 | N24: 0 | O24: 2 | P24: 0 | Q24: 0 | R24: 0 | S24: 0 | T24: 0 | U24: 0 | V24: 1 | W24: 0 | X24: 1 | Y24: 0 | Z24: 0 | AA24: 0 | AB24: 0 | AC24: 1 | AD24: 0 | AE24: 0 | AF24: 0 | AG24: 69
A25: 22 | B25: Mizoram | C25: 29 | D25: 1 | F25: 0 | G25: 0 | H25: 1 | I25: 1 | J25: 0 | K25: 0 | L25: 0 | M25: 0 | N25: 0 | O25: 1 | P25: 0 | Q25: 1 | R25: 0 | S25: 0 | T25: 0 | U25: 0 | V25: 3 | W25: 0 | X25: 0 | Y25: 1 | Z25: 0 | AA25: 0 | AB25: 0 | AC25: 0 | AD25: 1 | AE25: 0 | AF25: 1 | AG25: 40
A26: 23 | B26: Nagaland | C26: 56 | D26: 0 | F26: 2 | G26: 0 | H26: 5 | I26: 0 | J26: 1 | K26: 0 | L26: 0 | M26: 0 | N26: 0 | O26: 3 | P26: 0 | Q26: 0 | R26: 0 | S26: 0 | T26: 0 | U26: 0 | V26: 1 | W26: 0 | X26: 0 | Y26: 0 | Z26: 0 | AA26: 0 | AB26: 0 | AC26: 0 | AD26: 0 | AE26: 0 | AF26: 0 | AG26: 68
A27: 24 | B27: Odisha | C27: 772 | D27: 0 | E27: 4 | F27: 65 | G27: 2 | H27: 22 | I27: 86 | J27: 10 | K27: 0 | L27: 0 | M27: 22 | N27: 1 | O27: 19 | P27: 56 | Q27: 5 | R27: 4 | S27: 2 | T27: 4 | U27: 12 | V27: 52 | W27: 8 | X27: 17 | Y27: 2 | Z27: 19 | AA27: 4 | AB27: 67 | AC27: 26 | AD27: 2 | AE27: 6 | AF27: 0 | AG27: 1289
A28: 25 | B28: Puducherry | C28: 17 | D28: 1 | E28: 1 | F28: 1 | G28: 0 | H28: 14 | I28: 14 | J28: 1 | K28: 0 | L28: 0 | M28: 0 | N28: 0 | O28: 1 | P28: 0 | Q28: 4 | R28: 0 | S28: 2 | T28: 0 | U28: 0 | V28: 6 | W28: 0 | X28: 1 | Y28: 3 | Z28: 1 | AA28: 0 | AB28: 0 | AC28: 0 | AD28: 0 | AE28: 0 | AF28: 1 | AG28: 68
A29: 26 | B29: Punjab | C29: 483 | D29: 0 | E29: 6 | F29: 22 | G29: 6 | H29: 167 | I29: 83 | J29: 1 | K29: 0 | L29: 0 | M29: 5 | N29: 0 | O29: 19 | P29: 44 | Q29: 9 | R29: 16 | S29: 13 | T29: 3 | U29: 2 | V29: 93 | W29: 0 | X29: 12 | Y29: 4 | Z29: 31 | AA29: 7 | AB29: 0 | AC29: 3 | AD29: 0 | AE29: 7 | AF29: 1 | AG29: 1037
A30: 27 | B30: Rajasthan | C30: 2347 | D30: 22 | E30: 3 | F30: 169 | G30: 5 | H30: 438 | I30: 89 | J30: 2 | K30: 0 | L30: 2 | M30: 4 | N30: 0 | O30: 61 | P30: 15 | Q30: 5 | R30: 14 | S30: 8 | T30: 5 | U30: 16 | V30: 127 | W30: 0 | X30: 13 | Y30: 0 | Z30: 74 | AA30: 7 | AB30: 45 | AC30: 16 | AD30: 0 | AE30: 21 | AF30: 13 | AG30: 3521
A31: 28 | B31: Sikkim | C31: 8 | D31: 0 | F31: 0 | G31: 0 | H31: 3 | I31: 3 | J31: 0 | K31: 0 | L31: 0 | M31: 0 | N31: 0 | O31: 0 | P31: 0 | Q31: 0 | R31: 0 | S31: 0 | T31: 0 | U31: 0 | V31: 1 | W31: 0 | X31: 1 | Y31: 0 | Z31: 2 | AA31: 0 | AB31: 1 | AC31: 1 | AD31: 0 | AE31: 0 | AF31: 0 | AG31: 20
A32: 29 | B32: Tamil Nadu | C32: 1280 | D32: 45 | E32: 47 | F32: 79 | G32: 1 | H32: 263 | I32: 462 | J32: 7 | K32: 7 | L32: 1 | M32: 0 | N32: 0 | O32: 15 | P32: 41 | Q32: 51 | R32: 9 | S32: 18 | T32: 12 | U32: 94 | V32: 163 | W32: 2 | X32: 35 | Y32: 37 | Z32: 56 | AA32: 34 | AB32: 1 | AC32: 13 | AD32: 1 | AE32: 26 | AF32: 7 | AG32: 2807
A33: 30 | B33: Telangana | C33: 1267 | D33: 0 | E33: 10 | F33: 6 | G33: 15 | H33: 97 | I33: 186 | J33: 1 | K33: 0 | L33: 0 | M33: 29 | N33: 1 | O33: 16 | P33: 66 | Q33: 17 | R33: 2 | S33: 11 | T33: 5 | U33: 23 | V33: 56 | W33: 9 | X33: 5 | Y33: 9 | Z33: 84 | AA33: 19 | AB33: 0 | AC33: 4 | AD33: 1 | AE33: 1 | AF33: 0 | AG33: 1940
A34: 31 | B34: The Dadra & Nagar Haveli and Daman & Diu | C34: 6 | D34: 0 | F34: 0 | G34: 0 | H34: 2 | I34: 5 | J34: 0 | K34: 0 | L34: 0 | M34: 0 | N34: 0 | O34: 0 | P34: 0 | Q34: 0 | R34: 0 | S34: 1 | T34: 0 | U34: 1 | V34: 2 | W34: 0 | X34: 1 | Y34: 0 | Z34: 1 | AA34: 0 | AB34: 0 | AC34: 0 | AD34: 0 | AE34: 0 | AF34: 0 | AG34: 19
A35: 32 | B35: Tripura | C35: 28 | D35: 1 | E35: 1 | F35: 0 | G35: 0 | H35: 2 | I35: 7 | J35: 1 | K35: 1 | L35: 0 | M35: 0 | N35: 0 | O35: 1 | P35: 0 | Q35: 2 | R35: 0 | S35: 0 | T35: 0 | U35: 0 | V35: 3 | W35: 0 | X35: 2 | Y35: 1 | Z35: 2 | AA35: 0 | AB35: 0 | AC35: 0 | AD35: 0 | AE35: 1 | AF35: 1 | AG35: 54
A36: 33 | B36: Uttar Pradesh | C36: 5290 | D36: 13 | E36: 18 | F36: 227 | G36: 6 | H36: 381 | I36: 198 | J36: 5 | K36: 0 | L36: 2 | M36: 5 | N36: 1 | O36: 243 | P36: 135 | Q36: 16 | R36: 26 | S36: 17 | T36: 8 | U36: 24 | V36: 26 | W36: 11 | X36: 14 | Y36: 10 | Z36: 143 | AA36: 1 | AB36: 331 | AC36: 27 | AD36: 0 | AE36: 4 | AF36: 0 | AG36: 7182
A37: 34 | B37: Uttarakhand | C37: 218 | D37: 6 | E37: 1 | F37: 6 | G37: 0 | H37: 27 | I37: 31 | J37: 0 | K37: 1 | L37: 1 | M37: 3 | N37: 0 | O37: 10 | P37: 17 | Q37: 3 | R37: 11 | S37: 2 | T37: 0 | U37: 5 | V37: 17 | W37: 1 | X37: 0 | Y37: 7 | Z37: 13 | AA37: 0 | AB37: 16 | AC37: 2 | AD37: 0 | AE37: 3 | AF37: 1 | AG37: 402
A38: 35 | B38: West Bengal | C38: 774 | D38: 0 | E38: 2 | F38: 10 | G38: 2 | H38: 383 | I38: 78 | J38: 7 | K38: 1 | L38: 0 | M38: 5 | N38: 0 | O38: 29 | P38: 34 | Q38: 27 | R38: 4 | S38: 5 | T38: 11 | U38: 17 | V38: 73 | W38: 0 | X38: 13 | Y38: 9 | Z38: 15 | AA38: 4 | AB38: 3 | AC38: 2 | AD38: 0 | AE38: 2 | AF38: 0 | AG38: 1510
A39: All India | C39: 25481 | D39: 364 | E39: 292 | F39: 1171 | G39: 342 | H39: 3713 | I39: 2994 | J39: 114 | K39: 23 | L39: 28 | M39: 133 | N39: 14 | O39: 822 | P39: 881 | Q39: 328 | R39: 309 | S39: 217 | T39: 179 | U39: 474 | V39: 1821 | W39: 53 | X39: 324 | Y39: 234 | Z39: 1042 | AA39: 247 | AB39: 612 | AC39: 321 | AD39: 78 | AE39: 130 | AF39: 84 | AG39: 42825

Sheet 5ManagementCollegeNo
A1: Table | C1: 5. Number of Private and Government Colleges (Based on Actual Response) | H1: 5(a). Enrolment in Private and Government Colleges (Based on Actual Response) | M1: 5(b). Number of Colleges Established in 2021 and their Enrolment (Based on Actual Response)
A2: S.No. | B2: State/UTs | C2: Private (Un-Aided) | D2: Private (Aided) | E2: Private Total | F2: Government | G2: Total | H2: =C2 -> Private (Un-Aided) | I2: =D2 -> Private (Aided) | J2: Private Total | K2: Government | L2: Total | M2: =H2 -> Private (Un-Aided) | O2: =I2 -> Private (Aided) | Q2: Government | S2: Total
M3: Number | N3: Enrolment | O3: Number | P3: Enrolment | Q3: Number | R3: Enrolment | S3: Number | T3: Enrolment
A4: 1 | B4: 2 | C4: 3 | D4: 4 | E4: 5 | F4: 6 | G4: 7 | H4: 8 | I4: 9 | J4: 10 | K4: 11 | L4: 12 | M4: 13 | N4: 14 | O4: 15 | P4: 16 | Q4: 17 | R4: 18 | S4: 19 | T4: 20
A5: 1 | B5: A & N Islands | F5: 9 | G5: 9 | K5: 7272 | L5: 7272 | S5: =Q5+O5+M5 -> 0 | T5: =R5+P5+N5 -> 0
A6: 2 | B6: Andhra Pradesh | C6: 2130 | D6: 136 | E6: 2266 | F6: 316 | G6: 2582 | H6: 1136739 | I6: 98490 | J6: 1235229 | K6: 195090 | L6: 1430319 | M6: =VLOOKUP($B6,[2]Sheet1!$A$3:$I$27,2,0) -> 2 | N6: =VLOOKUP($B6,[2]Sheet1!$A$3:$I$27,3,0) -> 102 | O6: =VLOOKUP($B6,[2]Sheet1!$A$3:$I$27,4,0) -> 0 | P6: =VLOOKUP($B6,[2]Sheet1!$A$3:$I$27,5,0) -> 0 | Q6: =VLOOKUP($B6,[2]Sheet1!$A$3:$I$27,6,0) -> 6 | R6: =VLOOKUP($B6,[2]Sheet1!$A$3:$I$27,7,0) -> 365 | S6: =Q6+O6+M6 -> 8 | T6: =R6+P6+N6 -> 467
A7: 3 | B7: Arunachal Pradesh | C7: 15 | D7: 4 | E7: 19 | F7: 24 | G7: 43 | H7: 6042 | I7: 1340 | J7: 7382 | K7: 21238 | L7: 28620 | S7: =Q7+O7+M7 -> 0 | T7: =R7+P7+N7 -> 0
A8: 4 | B8: Assam | C8: 84 | D8: 25 | E8: 109 | F8: 444 | G8: 553 | H8: 26792 | I8: 5644 | J8: 32436 | K8: 468438 | L8: 500874 | M8: =VLOOKUP($B8,[2]Sheet1!$A$3:$I$27,2,0) -> 3 | N8: =VLOOKUP($B8,[2]Sheet1!$A$3:$I$27,3,0) -> 128 | O8: =VLOOKUP($B8,[2]Sheet1!$A$3:$I$27,4,0) -> 2 | P8: =VLOOKUP($B8,[2]Sheet1!$A$3:$I$27,5,0) -> 60 | Q8: =VLOOKUP($B8,[2]Sheet1!$A$3:$I$27,6,0) -> 0 | R8: =VLOOKUP($B8,[2]Sheet1!$A$3:$I$27,7,0) -> 0 | S8: =Q8+O8+M8 -> 5 | T8: =R8+P8+N8 -> 188
A9: 5 | B9: Bihar | C9: 362 | D9: 170 | E9: 532 | F9: 540 | G9: 1072 | H9: 189493 | I9: 359509 | J9: 549002 | K9: 1689577 | L9: 2238579 | M9: =VLOOKUP($B9,[2]Sheet1!$A$3:$I$27,2,0) -> 13 | N9: =VLOOKUP($B9,[2]Sheet1!$A$3:$I$27,3,0) -> 4242 | O9: =VLOOKUP($B9,[2]Sheet1!$A$3:$I$27,4,0) -> 1 | P9: =VLOOKUP($B9,[2]Sheet1!$A$3:$I$27,5,0) -> 0 | Q9: =VLOOKUP($B9,[2]Sheet1!$A$3:$I$27,6,0) -> 2 | R9: =VLOOKUP($B9,[2]Sheet1!$A$3:$I$27,7,0) -> 156 | S9: =Q9+O9+M9 -> 16 | T9: =R9+P9+N9 -> 4398
A10: 6 | B10: Chandigarh | C10: 4 | D10: 7 | E10: 11 | F10: 15 | G10: 26 | H10: 633 | I10: 29354 | J10: 29987 | K10: 19089 | L10: 49076 | S10: =Q10+O10+M10 -> 0 | T10: =R10+P10+N10 -> 0
A11: 7 | B11: Chhattisgarh | C11: 383 | D11: 90 | E11: 473 | F11: 422 | G11: 895 | H11: 134239 | I11: 40240 | J11: 174479 | K11: 367764 | L11: 542243 | M11: =VLOOKUP($B11,[2]Sheet1!$A$3:$I$27,2,0) -> 6 | N11: =VLOOKUP($B11,[2]Sheet1!$A$3:$I$27,3,0) -> 135 | O11: =VLOOKUP($B11,[2]Sheet1!$A$3:$I$27,4,0) -> 2 | P11: =VLOOKUP($B11,[2]Sheet1!$A$3:$I$27,5,0) -> 267 | Q11: =VLOOKUP($B11,[2]Sheet1!$A$3:$I$27,6,0) -> 26 | R11: =VLOOKUP($B11,[2]Sheet1!$A$3:$I$27,7,0) -> 2655 | S11: =Q11+O11+M11 -> 34 | T11: =R11+P11+N11 -> 3057
A12: 8 | B12: Delhi | C12: 64 | D12: 8 | E12: 72 | F12: 99 | G12: 171 | H12: 64258 | I12: 19057 | J12: 83315 | K12: 216282 | L12: 299597 | M12: =VLOOKUP($B12,[2]Sheet1!$A$3:$I$27,2,0) -> 0 | N12: =VLOOKUP($B12,[2]Sheet1!$A$3:$I$27,3,0) -> 0 | O12: =VLOOKUP($B12,[2]Sheet1!$A$3:$I$27,4,0) -> 0 | P12: =VLOOKUP($B12,[2]Sheet1!$A$3:$I$27,5,0) -> 0 | Q12: =VLOOKUP($B12,[2]Sheet1!$A$3:$I$27,6,0) -> 1 | R12: =VLOOKUP($B12,[2]Sheet1!$A$3:$I$27,7,0) -> 165 | S12: =Q12+O12+M12 -> 1 | T12: =R12+P12+N12 -> 165
A13: 9 | B13: Goa | C13: 15 | D13: 26 | E13: 41 | F13: 21 | G13: 62 | H13: 5262 | I13: 22053 | J13: 27315 | K13: 14820 | L13: 42135 | S13: =Q13+O13+M13 -> 0 | T13: =R13+P13+N13 -> 0
A14: 10 | B14: Gujarat | C14: 1479 | D14: 475 | E14: 1954 | F14: 420 | G14: 2374 | H14: 512494 | I14: 448121 | J14: 960615 | K14: 313906 | L14: 1274521 | M14: =VLOOKUP($B14,[2]Sheet1!$A$3:$I$27,2,0) -> 147 | N14: =VLOOKUP($B14,[2]Sheet1!$A$3:$I$27,3,0) -> 13457 | O14: =VLOOKUP($B14,[2]Sheet1!$A$3:$I$27,4,0) -> 11 | P14: =VLOOKUP($B14,[2]Sheet1!$A$3:$I$27,5,0) -> 1947 | Q14: =VLOOKUP($B14,[2]Sheet1!$A$3:$I$27,6,0) -> 4 | R14: =VLOOKUP($B14,[2]Sheet1!$A$3:$I$27,7,0) -> 513 | S14: =Q14+O14+M14 -> 162 | T14: =R14+P14+N14 -> 15917
A15: 11 | B15: Haryana | C15: 703 | D15: 133 | E15: 836 | F15: 253 | G15: 1089 | H15: 239968 | I15: 164011 | J15: 403979 | K15: 264695 | L15: 668674 | M15: =VLOOKUP($B15,[2]Sheet1!$A$3:$I$27,2,0) -> 6 | N15: =VLOOKUP($B15,[2]Sheet1!$A$3:$I$27,3,0) -> 722 | O15: =VLOOKUP($B15,[2]Sheet1!$A$3:$I$27,4,0) -> 1 | P15: =VLOOKUP($B15,[2]Sheet1!$A$3:$I$27,5,0) -> 100 | Q15: =VLOOKUP($B15,[2]Sheet1!$A$3:$I$27,6,0) -> 3 | R15: =VLOOKUP($B15,[2]Sheet1!$A$3:$I$27,7,0) -> 412 | S15: =Q15+O15+M15 -> 10 | T15: =R15+P15+N15 -> 1234
A16: 12 | B16: Himachal Pradesh | C16: 168 | D16: 16 | E16: 184 | F16: 164 | G16: 348 | H16: 32988 | I16: 11780 | J16: 44768 | K16: 155889 | L16: 200657 | S16: =Q16+O16+M16 -> 0 | T16: =R16+P16+N16 -> 0
A17: 13 | B17: Jammu and Kashmir | C17: 127 | D17: 21 | E17: 148 | F17: 189 | G17: 337 | H17: 23580 | I17: 4038 | J17: 27618 | K17: 185595 | L17: 213213 | M17: =VLOOKUP($B17,[2]Sheet1!$A$3:$I$27,2,0) -> 1 | N17: =VLOOKUP($B17,[2]Sheet1!$A$3:$I$27,3,0) -> 23 | O17: =VLOOKUP($B17,[2]Sheet1!$A$3:$I$27,4,0) -> 0 | P17: =VLOOKUP($B17,[2]Sheet1!$A$3:$I$27,5,0) -> 0 | Q17: =VLOOKUP($B17,[2]Sheet1!$A$3:$I$27,6,0) -> 0 | R17: =VLOOKUP($B17,[2]Sheet1!$A$3:$I$27,7,0) -> 0 | S17: =Q17+O17+M17 -> 1 | T17: =R17+P17+N17 -> 23
A18: 14 | B18: Jharkhand | C18: 160 | D18: 41 | E18: 201 | F18: 164 | G18: 365 | H18: 76012 | I18: 98436 | J18: 174448 | K18: 499915 | L18: 674363 | M18: =VLOOKUP($B18,[2]Sheet1!$A$3:$I$27,2,0) -> 5 | N18: =VLOOKUP($B18,[2]Sheet1!$A$3:$I$27,3,0) -> 1398 | O18: =VLOOKUP($B18,[2]Sheet1!$A$3:$I$27,4,0) -> 1 | P18: =VLOOKUP($B18,[2]Sheet1!$A$3:$I$27,5,0) -> 180 | Q18: =VLOOKUP($B18,[2]Sheet1!$A$3:$I$27,6,0) -> 0 | R18: =VLOOKUP($B18,[2]Sheet1!$A$3:$I$27,7,0) -> 0 | S18: =Q18+O18+M18 -> 6 | T18: =R18+P18+N18 -> 1578
A19: 15 | B19: Karnataka | C19: 3087 | D19: 492 | E19: 3579 | F19: 704 | G19: 4283 | H19: 912471 | I19: 331794 | J19: 1244265 | K19: 524818 | L19: 1769083 | M19: =VLOOKUP($B19,[2]Sheet1!$A$3:$I$27,2,0) -> 79 | N19: =VLOOKUP($B19,[2]Sheet1!$A$3:$I$27,3,0) -> 2796 | O19: =VLOOKUP($B19,[2]Sheet1!$A$3:$I$27,4,0) -> 1 | P19: =VLOOKUP($B19,[2]Sheet1!$A$3:$I$27,5,0) -> 150 | Q19: =VLOOKUP($B19,[2]Sheet1!$A$3:$I$27,6,0) -> 16 | R19: =VLOOKUP($B19,[2]Sheet1!$A$3:$I$27,7,0) -> 914 | S19: =Q19+O19+M19 -> 96 | T19: =R19+P19+N19 -> 3860
A20: 16 | B20: Kerala | C20: 830 | D20: 222 | E20: 1052 | F20: 280 | G20: 1332 | H20: 366522 | I20: 281085 | J20: 647607 | K20: 143053 | L20: 790660 | M20: =VLOOKUP($B20,[2]Sheet1!$A$3:$I$27,2,0) -> 2 | N20: =VLOOKUP($B20,[2]Sheet1!$A$3:$I$27,3,0) -> 18 | O20: =VLOOKUP($B20,[2]Sheet1!$A$3:$I$27,4,0) -> 0 | P20: =VLOOKUP($B20,[2]Sheet1!$A$3:$I$27,5,0) -> 0 | Q20: =VLOOKUP($B20,[2]Sheet1!$A$3:$I$27,6,0) -> 0 | R20: =VLOOKUP($B20,[2]Sheet1!$A$3:$I$27,7,0) -> 0 | S20: =Q20+O20+M20 -> 2 | T20: =R20+P20+N20 -> 18
A21: 17 | B21: Ladakh | F21: 6 | G21: 6 | K21: 3081 | L21: 3081 | S21: =Q21+O21+M21 -> 0 | T21: =R21+P21+N21 -> 0
A22: 18 | B22: Madhya Pradesh | C22: 1398 | D22: 293 | E22: 1691 | F22: 773 | G22: 2464 | H22: 640006 | I22: 168516 | J22: 808522 | K22: 1181770 | L22: 1990292 | M22: =VLOOKUP($B22,[2]Sheet1!$A$3:$I$27,2,0) -> 40 | N22: =VLOOKUP($B22,[2]Sheet1!$A$3:$I$27,3,0) -> 4996 | O22: =VLOOKUP($B22,[2]Sheet1!$A$3:$I$27,4,0) -> 10 | P22: =VLOOKUP($B22,[2]Sheet1!$A$3:$I$27,5,0) -> 1236 | Q22: =VLOOKUP($B22,[2]Sheet1!$A$3:$I$27,6,0) -> 11 | R22: =VLOOKUP($B22,[2]Sheet1!$A$3:$I$27,7,0) -> 951 | S22: =Q22+O22+M22 -> 61 | T22: =R22+P22+N22 -> 7183
A23: 19 | B23: Maharashtra | C23: 2976 | D23: 1167 | E23: 4143 | F23: 542 | G23: 4685 | H23: 1345493 | I23: 1539294 | J23: 2884787 | K23: 322132 | L23: 3206919 | M23: =VLOOKUP($B23,[2]Sheet1!$A$3:$I$27,2,0) -> 138 | N23: =VLOOKUP($B23,[2]Sheet1!$A$3:$I$27,3,0) -> 14028 | O23: =VLOOKUP($B23,[2]Sheet1!$A$3:$I$27,4,0) -> 1 | P23: =VLOOKUP($B23,[2]Sheet1!$A$3:$I$27,5,0) -> 0 | Q23: =VLOOKUP($B23,[2]Sheet1!$A$3:$I$27,6,0) -> 5 | R23: =VLOOKUP($B23,[2]Sheet1!$A$3:$I$27,7,0) -> 747 | S23: =Q23+O23+M23 -> 144 | T23: =R23+P23+N23 -> 14775
A24: 20 | B24: Manipur | C24: 26 | D24: 19 | E24: 45 | F24: 58 | G24: 103 | H24: 6160 | I24: 21242 | J24: 27402 | K24: 76906 | L24: 104308 | S24: =Q24+O24+M24 -> 0 | T24: =R24+P24+N24 -> 0
A25: 21 | B25: Meghalaya | C25: 23 | D25: 17 | E25: 40 | F25: 29 | G25: 69 | H25: 9530 | I25: 19396 | J25: 28926 | K25: 33764 | L25: 62690 | M25: =VLOOKUP($B25,[2]Sheet1!$A$3:$I$27,2,0) -> 3 | N25: =VLOOKUP($B25,[2]Sheet1!$A$3:$I$27,3,0) -> 107 | O25: =VLOOKUP($B25,[2]Sheet1!$A$3:$I$27,4,0) -> 0 | P25: =VLOOKUP($B25,[2]Sheet1!$A$3:$I$27,5,0) -> 0 | Q25: =VLOOKUP($B25,[2]Sheet1!$A$3:$I$27,6,0) -> 0 | R25: =VLOOKUP($B25,[2]Sheet1!$A$3:$I$27,7,0) -> 0 | S25: =Q25+O25+M25 -> 3 | T25: =R25+P25+N25 -> 107
A26: 22 | B26: Mizoram | C26: 8 | D26: 1 | E26: 9 | F26: 31 | G26: 40 | H26: 1599 | I26: 26 | J26: 1625 | K26: 25123 | L26: 26748 | S26: =Q26+O26+M26 -> 0 | T26: =R26+P26+N26 -> 0
A27: 23 | B27: Nagaland | C27: 15 | D27: 32 | E27: 47 | F27: 21 | G27: 68 | H27: 3825 | I27: 14818 | J27: 18643 | K27: 17608 | L27: 36251 | M27: =VLOOKUP($B27,[2]Sheet1!$A$3:$I$27,2,0) -> 1 | N27: =VLOOKUP($B27,[2]Sheet1!$A$3:$I$27,3,0) -> 45 | O27: =VLOOKUP($B27,[2]Sheet1!$A$3:$I$27,4,0) -> 0 | P27: =VLOOKUP($B27,[2]Sheet1!$A$3:$I$27,5,0) -> 0 | Q27: =VLOOKUP($B27,[2]Sheet1!$A$3:$I$27,6,0) -> 0 | R27: =VLOOKUP($B27,[2]Sheet1!$A$3:$I$27,7,0) -> 0 | S27: =Q27+O27+M27 -> 1 | T27: =R27+P27+N27 -> 45
A28: 24 | B28: Odisha | C28: 454 | D28: 443 | E28: 897 | F28: 392 | G28: 1289 | H28: 182663 | I28: 294208 | J28: 476871 | K28: 265860 | L28: 742731 | M28: =VLOOKUP($B28,[2]Sheet1!$A$3:$I$27,2,0) -> 11 | N28: =VLOOKUP($B28,[2]Sheet1!$A$3:$I$27,3,0) -> 557 | O28: =VLOOKUP($B28,[2]Sheet1!$A$3:$I$27,4,0) -> 3 | P28: =VLOOKUP($B28,[2]Sheet1!$A$3:$I$27,5,0) -> 234 | Q28: =VLOOKUP($B28,[2]Sheet1!$A$3:$I$27,6,0) -> 4 | R28: =VLOOKUP($B28,[2]Sheet1!$A$3:$I$27,7,0) -> 351 | S28: =Q28+O28+M28 -> 18 | T28: =R28+P28+N28 -> 1142
A29: 25 | B29: Puducherry | C29: 43 | D29: 1 | E29: 44 | F29: 24 | G29: 68 | H29: 24701 | I29: 100 | J29: 24801 | K29: 26849 | L29: 51650 | S29: =Q29+O29+M29 -> 0 | T29: =R29+P29+N29 -> 0
A30: 26 | B30: Punjab | C30: 653 | D30: 179 | E30: 832 | F30: 205 | G30: 1037 | H30: 213361 | I30: 152321 | J30: 365682 | K30: 147075 | L30: 512757 | M30: =VLOOKUP($B30,[2]Sheet1!$A$3:$I$27,2,0) -> 14 | N30: =VLOOKUP($B30,[2]Sheet1!$A$3:$I$27,3,0) -> 861 | O30: =VLOOKUP($B30,[2]Sheet1!$A$3:$I$27,4,0) -> 2 | P30: =VLOOKUP($B30,[2]Sheet1!$A$3:$I$27,5,0) -> 10 | Q30: =VLOOKUP($B30,[2]Sheet1!$A$3:$I$27,6,0) -> 14 | R30: =VLOOKUP($B30,[2]Sheet1!$A$3:$I$27,7,0) -> 1281 | S30: =Q30+O30+M30 -> 30 | T30: =R30+P30+N30 -> 2152
A31: 27 | B31: Rajasthan | C31: 2448 | D31: 275 | E31: 2723 | F31: 798 | G31: 3521 | H31: 987064 | I31: 103673 | J31: 1090737 | K31: 716025 | L31: 1806762 | M31: =VLOOKUP($B31,[2]Sheet1!$A$3:$I$27,2,0) -> 65 | N31: =VLOOKUP($B31,[2]Sheet1!$A$3:$I$27,3,0) -> 3850 | O31: =VLOOKUP($B31,[2]Sheet1!$A$3:$I$27,4,0) -> 7 | P31: =VLOOKUP($B31,[2]Sheet1!$A$3:$I$27,5,0) -> 594 | Q31: =VLOOKUP($B31,[2]Sheet1!$A$3:$I$27,6,0) -> 65 | R31: =VLOOKUP($B31,[2]Sheet1!$A$3:$I$27,7,0) -> 7646 | S31: =Q31+O31+M31 -> 137 | T31: =R31+P31+N31 -> 12090
A32: 28 | B32: Sikkim | C32: 4 | E32: 4 | F32: 16 | G32: 20 | H32: 1061 | J32: 1061 | K32: 13186 | L32: 14247 | S32: =Q32+O32+M32 -> 0 | T32: =R32+P32+N32 -> 0
A33: 29 | B33: Tamil Nadu | C33: 2128 | D33: 265 | E33: 2393 | F33: 414 | G33: 2807 | H33: 1310938 | I33: 467202 | J33: 1778140 | K33: 489763 | L33: 2267903 | M33: =VLOOKUP($B33,[2]Sheet1!$A$3:$I$27,2,0) -> 48 | N33: =VLOOKUP($B33,[2]Sheet1!$A$3:$I$27,3,0) -> 2752 | O33: =VLOOKUP($B33,[2]Sheet1!$A$3:$I$27,4,0) -> 1 | P33: =VLOOKUP($B33,[2]Sheet1!$A$3:$I$27,5,0) -> 60 | Q33: =VLOOKUP($B33,[2]Sheet1!$A$3:$I$27,6,0) -> 23 | R33: =VLOOKUP($B33,[2]Sheet1!$A$3:$I$27,7,0) -> 2591 | S33: =Q33+O33+M33 -> 72 | T33: =R33+P33+N33 -> 5403
A34: 30 | B34: Telangana | C34: 1548 | D34: 109 | E34: 1657 | F34: 283 | G34: 1940 | H34: 892333 | I34: 85610 | J34: 977943 | K34: 208133 | L34: 1186076 | M34: =VLOOKUP($B34,[2]Sheet1!$A$3:$I$27,2,0) -> 5 | N34: =VLOOKUP($B34,[2]Sheet1!$A$3:$I$27,3,0) -> 887 | O34: =VLOOKUP($B34,[2]Sheet1!$A$3:$I$27,4,0) -> 0 | P34: =VLOOKUP($B34,[2]Sheet1!$A$3:$I$27,5,0) -> 0 | Q34: =VLOOKUP($B34,[2]Sheet1!$A$3:$I$27,6,0) -> 4 | R34: =VLOOKUP($B34,[2]Sheet1!$A$3:$I$27,7,0) -> 461 | S34: =Q34+O34+M34 -> 9 | T34: =R34+P34+N34 -> 1348
A35: 31 | B35: D & N Haveli and Daman & Diu | C35: 8 | D35: 1 | E35: 9 | F35: 10 | G35: 19 | H35: 4569 | J35: 4569 | K35: 7863 | L35: 12432 | S35: =Q35+O35+M35 -> 0 | T35: =R35+P35+N35 -> 0
A36: 32 | B36: Tripura | C36: 7 | D36: 4 | E36: 11 | F36: 43 | G36: 54 | H36: 3328 | I36: 2704 | J36: 6032 | K36: 68869 | L36: 74901 | S36: =Q36+O36+M36 -> 0 | T36: =R36+P36+N36 -> 0
A37: 33 | B37: Uttar Pradesh | C37: 5690 | D37: 670 | E37: 6360 | F37: 822 | G37: 7182 | H37: 3817602 | I37: 989561 | J37: 4807163 | K37: 656299 | L37: 5463462 | M37: =VLOOKUP($B37,[2]Sheet1!$A$3:$I$27,2,0) -> 45 | N37: =VLOOKUP($B37,[2]Sheet1!$A$3:$I$27,3,0) -> 7118 | O37: =VLOOKUP($B37,[2]Sheet1!$A$3:$I$27,4,0) -> 2 | P37: =VLOOKUP($B37,[2]Sheet1!$A$3:$I$27,5,0) -> 436 | Q37: =VLOOKUP($B37,[2]Sheet1!$A$3:$I$27,6,0) -> 4 | R37: =VLOOKUP($B37,[2]Sheet1!$A$3:$I$27,7,0) -> 361 | S37: =Q37+O37+M37 -> 51 | T37: =R37+P37+N37 -> 7915
A38: 34 | B38: Uttarakhand | C38: 199 | D38: 41 | E38: 240 | F38: 162 | G38: 402 | H38: 79425 | I38: 38924 | J38: 118349 | K38: 141323 | L38: 259672 | M38: =VLOOKUP($B38,[2]Sheet1!$A$3:$I$27,2,0) -> 4 | N38: =VLOOKUP($B38,[2]Sheet1!$A$3:$I$27,3,0) -> 257 | O38: =VLOOKUP($B38,[2]Sheet1!$A$3:$I$27,4,0) -> 2 | P38: =VLOOKUP($B38,[2]Sheet1!$A$3:$I$27,5,0) -> 189 | Q38: =VLOOKUP($B38,[2]Sheet1!$A$3:$I$27,6,0) -> 7 | R38: =VLOOKUP($B38,[2]Sheet1!$A$3:$I$27,7,0) -> 1165 | S38: =Q38+O38+M38 -> 13 | T38: =R38+P38+N38 -> 1611
A39: 35 | B39: West Bengal | C39: 717 | D39: 293 | E39: 1010 | F39: 500 | G39: 1510 | H39: 291669 | I39: 429325 | J39: 720994 | K39: 1074264 | L39: 1795258 | M39: =VLOOKUP($B39,[2]Sheet1!$A$3:$I$27,2,0) -> 21 | N39: =VLOOKUP($B39,[2]Sheet1!$A$3:$I$27,3,0) -> 1456 | O39: =VLOOKUP($B39,[2]Sheet1!$A$3:$I$27,4,0) -> 11 | P39: =VLOOKUP($B39,[2]Sheet1!$A$3:$I$27,5,0) -> 270 | Q39: =VLOOKUP($B39,[2]Sheet1!$A$3:$I$27,6,0) -> 9 | R39: =VLOOKUP($B39,[2]Sheet1!$A$3:$I$27,7,0) -> 681 | S39: =Q39+O39+M39 -> 41 | T39: =R39+P39+N39 -> 2407
A40: All India | C40: 27956 | D40: 5676 | E40: 33632 | F40: 9193 | G40: 42825 | H40: 13542820 | I40: 6241872 | J40: 19784692 | K40: 10563334 | L40: 30348026 | M40: =SUM(M5:M39) -> 659 | N40: =SUM(N5:N39) -> 59935 | O40: =SUM(O5:O39) -> 58 | P40: =SUM(P5:P39) -> 5733 | Q40: =SUM(Q5:Q39) -> 204 | R40: =SUM(R5:R39) -> 21415 | S40: =SUM(S5:S39) -> 921 | T40: =SUM(T5:T39) -> 87083

Sheet 6TotalEnr
B1: Table | C1: 6. State-wise Enrolment at various levels (including Estimation) | L1: =C1 -> 6. State-wise Enrolment at various levels (including Estimation) | U1: =C1 -> 6. State-wise Enrolment at various levels (including Estimation)
A2: S.No. | B2: State/UTs | C2: Ph.D. | F2: M.Phil. | I2: Post Graduate | L2: Under Graduate | O2: PG Diploma | R2: Diploma | U2: Certificate | X2: Integrated | AA2: Grand Total
C3: Male | D3: Female | E3: Total | F3: Male | G3: Female | H3: Total | I3: Male | J3: Female | K3: Total | L3: Male | M3: Female | N3: Total | O3: Male | P3: Female | Q3: Total | R3: Male | S3: Female | T3: Total | U3: Male | V3: Female | W3: Total | X3: Male | Y3: Female | Z3: Total | AA3: Male | AB3: Female | AC3: Total
A4: 1 | B4: 2 | C4: 3 | D4: 4 | E4: 5 | F4: 6 | G4: 7 | H4: 8 | I4: 9 | J4: 10 | K4: 11 | L4: 12 | M4: 13 | N4: 14 | O4: 15 | P4: 16 | Q4: 17 | R4: 18 | S4: 19 | T4: 20 | U4: 21 | V4: 22 | W4: 23 | X4: 24 | Y4: 25 | Z4: 26 | AA4: 27 | AB4: 28 | AC4: 29
A5: 1 | B5: A & N Islands | C5: 5 | D5: 9 | E5: 14 | I5: 575 | J5: 942 | K5: 1517 | L5: 3807 | M5: 4444 | N5: 8251 | O5: 26 | P5: 37 | Q5: 63 | R5: 555 | S5: 407 | T5: 962 | U5: 39 | V5: 33 | W5: 72 | X5: 193 | Y5: 355 | Z5: 548 | AA5: 5200 | AB5: 6227 | AC5: 11427
A6: 2 | B6: Andhra Pradesh | C6: 3237 | D6: 2346 | E6: 5583 | F6: 7 | G6: 16 | H6: 23 | I6: 93141 | J6: 91801 | K6: 184942 | L6: 828981 | M6: 740069 | N6: 1569050 | O6: 997 | P6: 574 | Q6: 1571 | R6: 95265 | S6: 61698 | T6: 156963 | U6: 357 | V6: 154 | W6: 511 | X6: 6754 | Y6: 3762 | Z6: 10516 | AA6: 1028739 | AB6: 900420 | AC6: 1929159
A7: 3 | B7: Arunachal Pradesh | C7: 441 | D7: 240 | E7: 681 | I7: 6481 | J7: 6215 | K7: 12696 | L7: 25094 | M7: 21201 | N7: 46295 | O7: 152 | P7: 101 | Q7: 253 | R7: 1335 | S7: 1260 | T7: 2595 | U7: 329 | V7: 163 | W7: 492 | X7: 1163 | Y7: 715 | Z7: 1878 | AA7: 34995 | AB7: 29895 | AC7: 64890
A8: 4 | B8: Assam | C8: 3140 | D8: 2230 | E8: 5370 | F8: 82 | G8: 132 | H8: 214 | I8: 26134 | J8: 36830 | K8: 62964 | L8: 288411 | M8: 290995 | N8: 579406 | O8: 693 | P8: 828 | Q8: 1521 | R8: 12793 | S8: 9470 | T8: 22263 | U8: 102 | V8: 688 | W8: 790 | X8: 2571 | Y8: 2913 | Z8: 5484 | AA8: 333926 | AB8: 344086 | AC8: 678012
A9: 5 | B9: Bihar | C9: 3720 | D9: 1854 | E9: 5574 | I9: 80756 | J9: 74667 | K9: 155423 | L9: 1291227 | M9: 1041776 | N9: 2333003 | O9: 1989 | P9: 808 | Q9: 2797 | R9: 65540 | S9: 53449 | T9: 118989 | U9: 1419 | V9: 1292 | W9: 2711 | X9: 2809 | Y9: 1640 | Z9: 4449 | AA9: 1447460 | AB9: 1175486 | AC9: 2622946
A10: 6 | B10: Chandigarh | C10: 343 | D10: 454 | E10: 797 | F10: 19 | G10: 25 | H10: 44 | I10: 9172 | J10: 13600 | K10: 22772 | L10: 41264 | M10: 36134 | N10: 77398 | O10: 899 | P10: 965 | Q10: 1864 | R10: 2152 | S10: 2828 | T10: 4980 | U10: 319 | V10: 288 | W10: 607 | X10: 1123 | Y10: 1418 | Z10: 2541 | AA10: 55291 | AB10: 55712 | AC10: 111003
A11: 7 | B11: Chhattisgarh | C11: 920 | D11: 917 | E11: 1837 | F11: 4 | G11: 8 | H11: 12 | I11: 35630 | J11: 51834 | K11: 87464 | L11: 227084 | M11: 275545 | N11: 502629 | O11: 8448 | P11: 8480 | Q11: 16928 | R11: 23571 | S11: 18112 | T11: 41683 | U11: 254 | V11: 435 | W11: 689 | X11: 2690 | Y11: 2409 | Z11: 5099 | AA11: 298601 | AB11: 357740 | AC11: 656341
A12: 8 | B12: Delhi | C12: 7533 | D12: 6561 | E12: 14094 | F12: 716 | G12: 761 | H12: 1477 | I12: 73783 | J12: 103616 | K12: 177399 | L12: 473724 | M12: 425006 | N12: 898730 | O12: 8389 | P12: 6686 | Q12: 15075 | R12: 16092 | S12: 13965 | T12: 30057 | U12: 1331 | V12: 1093 | W12: 2424 | X12: 3785 | Y12: 2349 | Z12: 6134 | AA12: 585353 | AB12: 560037 | AC12: 1145390
A13: 9 | B13: Goa | C13: 494 | D13: 407 | E13: 901 | F13: 10 | H13: 10 | I13: 3523 | J13: 4859 | K13: 8382 | L13: 23132 | M13: 22401 | N13: 45533 | O13: 131 | P13: 123 | Q13: 254 | R13: 6515 | S13: 1006 | T13: 7521 | U13: 12 | W13: 12 | X13: 1581 | Y13: 1221 | Z13: 2802 | AA13: 35398 | AB13: 30017 | AC13: 65415
A14: 10 | B14: Gujarat | C14: 4799 | D14: 3734 | E14: 8533 | F14: 35 | G14: 29 | H14: 64 | I14: 97560 | J14: 118747 | K14: 216307 | L14: 775408 | M14: 592468 | N14: 1367876 | O14: 4508 | P14: 4086 | Q14: 8594 | R14: 111752 | S14: 55782 | T14: 167534 | U14: 3245 | V14: 2666 | W14: 5911 | X14: 12359 | Y14: 10484 | Z14: 22843 | AA14: 1009666 | AB14: 787996 | AC14: 1797662
A15: 11 | B15: Haryana | C15: 1784 | D15: 2385 | E15: 4169 | F15: 16 | G15: 32 | H15: 48 | I15: 57199 | J15: 98973 | K15: 156172 | L15: 405310 | M15: 417253 | N15: 822563 | O15: 1801 | P15: 1734 | Q15: 3535 | R15: 63957 | S15: 31839 | T15: 95796 | U15: 298 | V15: 522 | W15: 820 | X15: 11781 | Y15: 9648 | Z15: 21429 | AA15: 542146 | AB15: 562386 | AC15: 1104532
A16: 12 | B16: Himachal Pradesh | C16: 1028 | D16: 1055 | E16: 2083 | F16: 44 | G16: 38 | H16: 82 | I16: 15071 | J16: 18862 | K16: 33933 | L16: 119249 | M16: 141142 | N16: 260391 | O16: 970 | P16: 917 | Q16: 1887 | R16: 8944 | S16: 9189 | T16: 18133 | U16: 333 | V16: 204 | W16: 537 | X16: 1504 | Y16: 1101 | Z16: 2605 | AA16: 147143 | AB16: 172508 | AC16: 319651
A17: 13 | B17: Jammu and Kashmir | C17: 1879 | D17: 1923 | E17: 3802 | F17: 41 | G17: 82 | H17: 123 | I17: 30709 | J17: 41398 | K17: 72107 | L17: 145870 | M17: 147226 | N17: 293096 | O17: 777 | P17: 483 | Q17: 1260 | R17: 9080 | S17: 10909 | T17: 19989 | U17: 410 | V17: 489 | W17: 899 | X17: 4188 | Y17: 4959 | Z17: 9147 | AA17: 192954 | AB17: 207469 | AC17: 400423
A18: 14 | B18: Jharkhand | C18: 2039 | D18: 1113 | E18: 3152 | F18: 14 | G18: 66 | H18: 80 | I18: 48894 | J18: 63574 | K18: 112468 | L18: 362777 | M18: 347379 | N18: 710156 | O18: 2051 | P18: 1087 | Q18: 3138 | R18: 31177 | S18: 14953 | T18: 46130 | U18: 906 | V18: 440 | W18: 1346 | X18: 2248 | Y18: 1247 | Z18: 3495 | AA18: 450106 | AB18: 429859 | AC18: 879965
A19: 15 | B19: Karnataka | C19: 6045 | D19: 5148 | E19: 11193 | F19: 44 | G19: 183 | H19: 227 | I19: 118528 | J19: 142088 | K19: 260616 | L19: 982974 | M19: 923326 | N19: 1906300 | O19: 4862 | P19: 3664 | Q19: 8526 | R19: 134943 | S19: 94970 | T19: 229913 | U19: 1847 | V19: 1196 | W19: 3043 | X19: 8761 | Y19: 7961 | Z19: 16722 | AA19: 1258004 | AB19: 1178536 | AC19: 2436540
A20: 16 | B20: Kerala | C20: 3387 | D20: 5747 | E20: 9134 | F20: 75 | G20: 281 | H20: 356 | I20: 50946 | J20: 121630 | K20: 172576 | L20: 439560 | M20: 576826 | N20: 1016386 | O20: 1284 | P20: 1836 | Q20: 3120 | R20: 53625 | S20: 35512 | T20: 89137 | U20: 580 | V20: 1032 | W20: 1612 | X20: 5115 | Y20: 7009 | Z20: 12124 | AA20: 554572 | AB20: 749873 | AC20: 1304445
A21: 17 | B21: Ladakh | C21: 15 | D21: 3 | E21: 18 | I21: 155 | J21: 318 | K21: 473 | L21: 1187 | M21: 2103 | N21: 3290 | R21: 195 | S21: 314 | T21: 509 | U21: 19 | V21: 131 | W21: 150 | AA21: 1571 | AB21: 2869 | AC21: 4440
A22: 18 | B22: Lakshadweep | L22: 14 | M22: 74 | N22: 88 | AA22: 14 | AB22: 74 | AC22: 88
A23: 19 | B23: Madhya Pradesh | C23: 4283 | D23: 3571 | E23: 7854 | G23: 16 | H23: 16 | I23: 201345 | J23: 239046 | K23: 440391 | L23: 1143205 | M23: 953119 | N23: 2096324 | O23: 21509 | P23: 20506 | Q23: 42015 | R23: 114323 | S23: 61488 | T23: 175811 | U23: 1563 | V23: 858 | W23: 2421 | X23: 19680 | Y23: 15653 | Z23: 35333 | AA23: 1505908 | AB23: 1294257 | AC23: 2800165
A24: 20 | B24: Maharashtra | C24: 10115 | D24: 7717 | E24: 17832 | F24: 121 | G24: 69 | H24: 190 | I24: 283304 | J24: 303894 | K24: 587198 | L24: 1968964 | M24: 1529764 | N24: 3498728 | O24: 25594 | P24: 21182 | Q24: 46776 | R24: 236517 | S24: 157882 | T24: 394399 | U24: 7580 | V24: 4905 | W24: 12485 | X24: 10636 | Y24: 9599 | Z24: 20235 | AA24: 2542831 | AB24: 2035012 | AC24: 4577843
A25: 21 | B25: Manipur | C25: 725 | D25: 723 | E25: 1448 | G25: 6 | H25: 6 | I25: 4940 | J25: 5528 | K25: 10468 | L25: 58171 | M25: 54386 | N25: 112557 | O25: 555 | P25: 419 | Q25: 974 | R25: 1682 | S25: 2967 | T25: 4649 | U25: 161 | V25: 125 | W25: 286 | AA25: 66234 | AB25: 64154 | AC25: 130388
A26: 22 | B26: Meghalaya | C26: 458 | D26: 331 | E26: 789 | F26: 1 | G26: 2 | H26: 3 | I26: 5673 | J26: 8432 | K26: 14105 | L26: 35954 | M26: 41489 | N26: 77443 | O26: 280 | P26: 363 | Q26: 643 | R26: 988 | S26: 2013 | T26: 3001 | U26: 31 | V26: 55 | W26: 86 | X26: 203 | Y26: 180 | Z26: 383 | AA26: 43588 | AB26: 52865 | AC26: 96453
A27: 23 | B27: Mizoram | C27: 634 | D27: 565 | E27: 1199 | I27: 2398 | J27: 3210 | K27: 5608 | L27: 16905 | M27: 16249 | N27: 33154 | O27: 39 | P27: 16 | Q27: 55 | R27: 3200 | S27: 3530 | T27: 6730 | X27: 15 | Y27: 10 | Z27: 25 | AA27: 23191 | AB27: 23580 | AC27: 46771
A28: 24 | B28: Nagaland | C28: 290 | D28: 330 | E28: 620 | F28: 12 | G28: 6 | H28: 18 | I28: 3276 | J28: 5178 | K28: 8454 | L28: 18770 | M28: 20444 | N28: 39214 | O28: 40 | P28: 89 | Q28: 129 | R28: 859 | S28: 1343 | T28: 2202 | U28: 310 | V28: 276 | W28: 586 | AA28: 23557 | AB28: 27666 | AC28: 51223
A29: 25 | B29: Odisha | C29: 2668 | D29: 1550 | E29: 4218 | F29: 269 | G29: 303 | H29: 572 | I29: 63227 | J29: 56471 | K29: 119698 | L29: 402899 | M29: 379256 | N29: 782155 | O29: 1920 | P29: 1165 | Q29: 3085 | R29: 103764 | S29: 47170 | T29: 150934 | U29: 651 | V29: 899 | W29: 1550 | X29: 5769 | Y29: 5898 | Z29: 11667 | AA29: 581167 | AB29: 492712 | AC29: 1073879
A30: 26 | B30: Puducherry | C30: 325 | D30: 278 | E30: 603 | I30: 13198 | J30: 13394 | K30: 26592 | L30: 28264 | M30: 33817 | N30: 62081 | O30: 29 | P30: 25 | Q30: 54 | R30: 2438 | S30: 1357 | T30: 3795 | U30: 11 | V30: 8 | W30: 19 | X30: 556 | Y30: 943 | Z30: 1499 | AA30: 44821 | AB30: 49822 | AC30: 94643
A31: 27 | B31: Punjab | C31: 4946 | D31: 5379 | E31: 10325 | F31: 28 | G31: 41 | H31: 69 | I31: 46929 | J31: 63149 | K31: 110078 | L31: 321099 | M31: 292462 | N31: 613561 | O31: 2631 | P31: 3183 | Q31: 5814 | R31: 48756 | S31: 47416 | T31: 96172 | U31: 748 | V31: 952 | W31: 1700 | X31: 9479 | Y31: 11546 | Z31: 21025 | AA31: 434616 | AB31: 424128 | AC31: 858744
A32: 28 | B32: Rajasthan | C32: 6913 | D32: 6915 | E32: 13828 | F32: 145 | G32: 161 | H32: 306 | I32: 140674 | J32: 169589 | K32: 310263 | L32: 1124079 | M32: 978715 | N32: 2102794 | O32: 5357 | P32: 3332 | Q32: 8689 | R32: 86322 | S32: 37439 | T32: 123761 | U32: 1869 | V32: 1868 | W32: 3737 | X32: 64924 | Y32: 61038 | Z32: 125962 | AA32: 1430283 | AB32: 1259057 | AC32: 2689340
A33: 29 | B33: Sikkim | C33: 337 | D33: 315 | E33: 652 | F33: 18 | G33: 25 | H33: 43 | I33: 2421 | J33: 3565 | K33: 5986 | L33: 12268 | M33: 12538 | N33: 24806 | O33: 18 | P33: 11 | Q33: 29 | R33: 994 | S33: 777 | T33: 1771 | U33: 50 | V33: 5 | W33: 55 | X33: 168 | Y33: 251 | Z33: 419 | AA33: 16274 | AB33: 17487 | AC33: 33761
A34: 30 | B34: Tamil Nadu | C34: 13457 | D34: 15410 | E34: 28867 | F34: 925 | G34: 3116 | H34: 4041 | I34: 198013 | J34: 266073 | K34: 464086 | L34: 1243667 | M34: 1248155 | N34: 2491822 | O34: 8126 | P34: 6603 | Q34: 14729 | R34: 213546 | S34: 49168 | T34: 262714 | U34: 7290 | V34: 9324 | W34: 16614 | X34: 13088 | Y34: 13366 | Z34: 26454 | AA34: 1698112 | AB34: 1611215 | AC34: 3309327
A35: 31 | B35: Telangana | C35: 4442 | D35: 2525 | E35: 6967 | F35: 57 | G35: 43 | H35: 100 | I35: 89767 | J35: 117315 | K35: 207082 | L35: 638370 | M35: 633953 | N35: 1272323 | O35: 4386 | P35: 3529 | Q35: 7915 | R35: 50261 | S35: 41291 | T35: 91552 | U35: 1532 | V35: 1590 | W35: 3122 | X35: 4538 | Y35: 3081 | Z35: 7619 | AA35: 793353 | AB35: 803327 | AC35: 1596680
A36: 32 | B36: D & N Haveli and Daman & Diu | I36: 305 | J36: 543 | K36: 848 | L36: 4656 | M36: 5103 | N36: 9759 | R36: 1686 | S36: 422 | T36: 2108 | X36: 36 | Y36: 54 | Z36: 90 | AA36: 6683 | AB36: 6122 | AC36: 12805
A37: 33 | B37: Tripura | C37: 286 | D37: 173 | E37: 459 | F37: 2 | G37: 10 | H37: 12 | I37: 5209 | J37: 5840 | K37: 11049 | L37: 44432 | M37: 37731 | N37: 82163 | O37: 76 | P37: 59 | Q37: 135 | R37: 2409 | S37: 2297 | T37: 4706 | U37: 18 | V37: 18 | W37: 36 | X37: 1106 | Y37: 885 | Z37: 1991 | AA37: 53538 | AB37: 47013 | AC37: 100551
A38: 34 | B38: Uttar Pradesh | C38: 11988 | D38: 9725 | E38: 21713 | F38: 15 | G38: 62 | H38: 77 | I38: 348726 | J38: 411389 | K38: 760115 | L38: 3033329 | M38: 2745769 | N38: 5779098 | O38: 17801 | P38: 9432 | Q38: 27233 | R38: 217394 | S38: 103605 | T38: 320999 | U38: 3435 | V38: 2854 | W38: 6289 | X38: 36630 | Y38: 21270 | Z38: 57900 | AA38: 3669318 | AB38: 3304106 | AC38: 6973424
A39: 35 | B39: Uttarakhand | C39: 2573 | D39: 1900 | E39: 4473 | F39: 5 | H39: 5 | I39: 41134 | J39: 53023 | K39: 94157 | L39: 217701 | M39: 216121 | N39: 433822 | O39: 560 | P39: 419 | Q39: 979 | R39: 20403 | S39: 7638 | T39: 28041 | U39: 218 | V39: 64 | W39: 282 | X39: 3555 | Y39: 2390 | Z39: 5945 | AA39: 286149 | AB39: 281555 | AC39: 567704
A40: 36 | B40: West Bengal | C40: 8683 | D40: 5103 | E40: 13786 | F40: 688 | G40: 614 | H40: 1302 | I40: 126244 | J40: 177120 | K40: 303364 | L40: 1106488 | M40: 1080500 | N40: 2186988 | O40: 3130 | P40: 2013 | Q40: 5143 | R40: 117513 | S40: 72433 | T40: 189946 | U40: 3291 | V40: 2115 | W40: 5406 | X40: 9590 | Y40: 6626 | Z40: 16216 | AA40: 1375627 | AB40: 1346524 | AC40: 2722151
A41: All India | C41: 113932 | D41: 98636 | E41: 212568 | F41: 3393 | G41: 6127 | H41: 9520 | I41: 2325040 | J41: 2892713 | K41: 5217753 | L41: 17854294 | M41: 16284939 | N41: 34139233 | O41: 130028 | P41: 104755 | Q41: 234783 | R41: 1860546 | S41: 1055899 | T41: 2916445 | U41: 40558 | V41: 36742 | W41: 77300 | X41: 248598 | Y41: 211981 | Z41: 460579 | AA41: 22576389 | AB41: 20691792 | AC41: 43268181

Sheet 6aTotalRegularEnr
B1: Table 6(a). | C1: State-wise Enrolment through Regular Mode at various levels (including Estimation) | L1: =C1 -> State-wise Enrolment through Regular Mode at various levels (including Estimation) | U1: =C1 -> State-wise Enrolment through Regular Mode at various levels (including Estimation)
A2: S.No. | B2: State/UTs | C2: Ph.D. | F2: M.Phil. | I2: Post Graduate | L2: Under Graduate | O2: PG Diploma | R2: Diploma | U2: Certificate | X2: Integrated | AA2: Grand Total
C3: Male | D3: Female | E3: Total | F3: Male | G3: Female | H3: Total | I3: Male | J3: Female | K3: Total | L3: Male | M3: Female | N3: Total | O3: Male | P3: Female | Q3: Total | R3: Male | S3: Female | T3: Total | U3: Male | V3: Female | W3: Total | X3: Male | Y3: Female | Z3: Total | AA3: Male | AB3: Female | AC3: Total
A4: 1 | B4: 2 | C4: 3 | D4: 4 | E4: 5 | F4: 6 | G4: 7 | H4: 8 | I4: 9 | J4: 10 | K4: 11 | L4: 12 | M4: 13 | N4: 14 | O4: 15 | P4: 16 | Q4: 17 | R4: 18 | S4: 19 | T4: 20 | U4: 21 | V4: 22 | W4: 23 | X4: 24 | Y4: 25 | Z4: 26 | AA4: 27 | AB4: 28 | AC4: 29
A5: 1 | B5: A & N Islands | C5: 5 | D5: 9 | E5: 14 | I5: 69 | J5: 283 | K5: 352 | L5: 2259 | M5: 3231 | N5: 5490 | R5: 544 | S5: 377 | T5: 921 | U5: 39 | V5: 33 | W5: 72 | X5: 193 | Y5: 355 | Z5: 548 | AA5: =C5+F5+I5+L5+O5+R5+U5+X5 -> 3109 | AB5: =D5+G5+J5+M5+P5+S5+V5+Y5 -> 4288 | AC5: =AA5+AB5 -> 7397
A6: 2 | B6: Andhra Pradesh | C6: 3237 | D6: 2346 | E6: 5583 | F6: 7 | G6: 16 | H6: 23 | I6: 74588 | J6: 75554 | K6: 150142 | L6: 732340 | M6: 671641 | N6: 1403981 | O6: 268 | P6: 165 | Q6: 433 | R6: 95018 | S6: 61430 | T6: 156448 | U6: 185 | V6: 47 | W6: 232 | X6: 6754 | Y6: 3762 | Z6: 10516 | AA6: =C6+F6+I6+L6+O6+R6+U6+X6 -> 912397 | AB6: =D6+G6+J6+M6+P6+S6+V6+Y6 -> 814961 | AC6: =AA6+AB6 -> 1727358
A7: 3 | B7: Arunachal Pradesh | C7: 441 | D7: 240 | E7: 681 | I7: 4482 | J7: 3399 | K7: 7881 | L7: 22113 | M7: 17705 | N7: 39818 | O7: 126 | P7: 80 | Q7: 206 | R7: 1315 | S7: 1224 | T7: 2539 | U7: 329 | V7: 163 | W7: 492 | X7: 1163 | Y7: 715 | Z7: 1878 | AA7: =C7+F7+I7+L7+O7+R7+U7+X7 -> 29969 | AB7: =D7+G7+J7+M7+P7+S7+V7+Y7 -> 23526 | AC7: =AA7+AB7 -> 53495
A8: 4 | B8: Assam | C8: 3140 | D8: 2230 | E8: 5370 | F8: 82 | G8: 132 | H8: 214 | I8: 13937 | J8: 21079 | K8: 35016 | L8: 273527 | M8: 281870 | N8: 555397 | O8: 344 | P8: 596 | Q8: 940 | R8: 12540 | S8: 9134 | T8: 21674 | U8: 82 | V8: 671 | W8: 753 | X8: 2571 | Y8: 2913 | Z8: 5484 | AA8: =C8+F8+I8+L8+O8+R8+U8+X8 -> 306223 | AB8: =D8+G8+J8+M8+P8+S8+V8+Y8 -> 318625 | AC8: =AA8+AB8 -> 624848
A9: 5 | B9: Bihar | C9: 3720 | D9: 1854 | E9: 5574 | I9: 55008 | J9: 51023 | K9: 106031 | L9: 1215443 | M9: 995154 | N9: 2210597 | O9: 853 | P9: 388 | Q9: 1241 | R9: 65340 | S9: 53248 | T9: 118588 | U9: 1417 | V9: 1292 | W9: 2709 | X9: 2809 | Y9: 1640 | Z9: 4449 | AA9: =C9+F9+I9+L9+O9+R9+U9+X9 -> 1344590 | AB9: =D9+G9+J9+M9+P9+S9+V9+Y9 -> 1104599 | AC9: =AA9+AB9 -> 2449189
A10: 6 | B10: Chandigarh | C10: 343 | D10: 454 | E10: 797 | F10: 19 | G10: 25 | H10: 44 | I10: 4632 | J10: 8047 | K10: 12679 | L10: 25943 | M10: 28584 | N10: 54527 | O10: 243 | P10: 397 | Q10: 640 | R10: 1745 | S10: 1367 | T10: 3112 | U10: 306 | V10: 276 | W10: 582 | X10: 1123 | Y10: 1418 | Z10: 2541 | AA10: =C10+F10+I10+L10+O10+R10+U10+X10 -> 34354 | AB10: =D10+G10+J10+M10+P10+S10+V10+Y10 -> 40568 | AC10: =AA10+AB10 -> 74922
A11: 7 | B11: Chhattisgarh | C11: 920 | D11: 917 | E11: 1837 | F11: 4 | G11: 8 | H11: 12 | I11: 27658 | J11: 44742 | K11: 72400 | L11: 215787 | M11: 267762 | N11: 483549 | O11: 5742 | P11: 6344 | Q11: 12086 | R11: 21386 | S11: 15254 | T11: 36640 | U11: 226 | V11: 428 | W11: 654 | X11: 2690 | Y11: 2409 | Z11: 5099 | AA11: =C11+F11+I11+L11+O11+R11+U11+X11 -> 274413 | AB11: =D11+G11+J11+M11+P11+S11+V11+Y11 -> 337864 | AC11: =AA11+AB11 -> 612277
A12: 8 | B12: Delhi | C12: 7533 | D12: 6561 | E12: 14094 | F12: 716 | G12: 761 | H12: 1477 | I12: 22132 | J12: 22665 | K12: 44797 | L12: 179180 | M12: 197718 | N12: 376898 | O12: 3763 | P12: 2519 | Q12: 6282 | R12: 14930 | S12: 11747 | T12: 26677 | U12: 1311 | V12: 1066 | W12: 2377 | X12: 3785 | Y12: 2349 | Z12: 6134 | AA12: =C12+F12+I12+L12+O12+R12+U12+X12 -> 233350 | AB12: =D12+G12+J12+M12+P12+S12+V12+Y12 -> 245386 | AC12: =AA12+AB12 -> 478736
A13: 9 | B13: Goa | C13: 494 | D13: 407 | E13: 901 | F13: 10 | H13: 10 | I13: 2710 | J13: 3680 | K13: 6390 | L13: 20831 | M13: 21355 | N13: 42186 | O13: 48 | P13: 56 | Q13: 104 | R13: 6490 | S13: 945 | T13: 7435 | U13: 12 | W13: 12 | X13: 1581 | Y13: 1221 | Z13: 2802 | AA13: =C13+F13+I13+L13+O13+R13+U13+X13 -> 32176 | AB13: =D13+G13+J13+M13+P13+S13+V13+Y13 -> 27664 | AC13: =AA13+AB13 -> 59840
A14: 10 | B14: Gujarat | C14: 4799 | D14: 3734 | E14: 8533 | F14: 35 | G14: 29 | H14: 64 | I14: 85479 | J14: 98232 | K14: 183711 | L14: 718541 | M14: 555620 | N14: 1274161 | O14: 3499 | P14: 3585 | Q14: 7084 | R14: 109442 | S14: 54406 | T14: 163848 | U14: 3245 | V14: 2666 | W14: 5911 | X14: 12359 | Y14: 10484 | Z14: 22843 | AA14: =C14+F14+I14+L14+O14+R14+U14+X14 -> 937399 | AB14: =D14+G14+J14+M14+P14+S14+V14+Y14 -> 728756 | AC14: =AA14+AB14 -> 1666155
A15: 11 | B15: Haryana | C15: 1784 | D15: 2385 | E15: 4169 | F15: 16 | G15: 32 | H15: 48 | I15: 36383 | J15: 65311 | K15: 101694 | L15: 325470 | M15: 359870 | N15: 685340 | O15: 1282 | P15: 1407 | Q15: 2689 | R15: 63214 | S15: 29622 | T15: 92836 | U15: 277 | V15: 511 | W15: 788 | X15: 11781 | Y15: 9648 | Z15: 21429 | AA15: =C15+F15+I15+L15+O15+R15+U15+X15 -> 440207 | AB15: =D15+G15+J15+M15+P15+S15+V15+Y15 -> 468786 | AC15: =AA15+AB15 -> 908993
A16: 12 | B16: Himachal Pradesh | C16: 1028 | D16: 1055 | E16: 2083 | F16: 44 | G16: 38 | H16: 82 | I16: 8188 | J16: 12123 | K16: 20311 | L16: 96407 | M16: 122052 | N16: 218459 | O16: 774 | P16: 785 | Q16: 1559 | R16: 8774 | S16: 7243 | T16: 16017 | U16: 333 | V16: 204 | W16: 537 | X16: 1504 | Y16: 1101 | Z16: 2605 | AA16: =C16+F16+I16+L16+O16+R16+U16+X16 -> 117052 | AB16: =D16+G16+J16+M16+P16+S16+V16+Y16 -> 144601 | AC16: =AA16+AB16 -> 261653
A17: 13 | B17: Jammu and Kashmir | C17: 1879 | D17: 1923 | E17: 3802 | F17: 41 | G17: 82 | H17: 123 | I17: 9318 | J17: 11831 | K17: 21149 | L17: 105063 | M17: 115560 | N17: 220623 | O17: 193 | P17: 119 | Q17: 312 | R17: 8876 | S17: 10500 | T17: 19376 | U17: 330 | V17: 334 | W17: 664 | X17: 4188 | Y17: 4959 | Z17: 9147 | AA17: =C17+F17+I17+L17+O17+R17+U17+X17 -> 129888 | AB17: =D17+G17+J17+M17+P17+S17+V17+Y17 -> 145308 | AC17: =AA17+AB17 -> 275196
A18: 14 | B18: Jharkhand | C18: 2039 | D18: 1113 | E18: 3152 | F18: 14 | G18: 66 | H18: 80 | I18: 39362 | J18: 51804 | K18: 91166 | L18: 339281 | M18: 335898 | N18: 675179 | O18: 922 | P18: 644 | Q18: 1566 | R18: 31070 | S18: 14704 | T18: 45774 | U18: 906 | V18: 440 | W18: 1346 | X18: 2248 | Y18: 1247 | Z18: 3495 | AA18: =C18+F18+I18+L18+O18+R18+U18+X18 -> 415842 | AB18: =D18+G18+J18+M18+P18+S18+V18+Y18 -> 405916 | AC18: =AA18+AB18 -> 821758
A19: 15 | B19: Karnataka | C19: 6045 | D19: 5148 | E19: 11193 | F19: 44 | G19: 183 | H19: 227 | I19: 95606 | J19: 125215 | K19: 220821 | L19: 956933 | M19: 911611 | N19: 1868544 | O19: 2152 | P19: 1887 | Q19: 4039 | R19: 133878 | S19: 93733 | T19: 227611 | U19: 1525 | V19: 1053 | W19: 2578 | X19: 8761 | Y19: 7961 | Z19: 16722 | AA19: =C19+F19+I19+L19+O19+R19+U19+X19 -> 1204944 | AB19: =D19+G19+J19+M19+P19+S19+V19+Y19 -> 1146791 | AC19: =AA19+AB19 -> 2351735
A20: 16 | B20: Kerala | C20: 3387 | D20: 5747 | E20: 9134 | F20: 75 | G20: 281 | H20: 356 | I20: 28742 | J20: 84826 | K20: 113568 | L20: 331883 | M20: 457455 | N20: 789338 | O20: 488 | P20: 825 | Q20: 1313 | R20: 53417 | S20: 34828 | T20: 88245 | U20: 393 | V20: 614 | W20: 1007 | X20: 5115 | Y20: 7009 | Z20: 12124 | AA20: =C20+F20+I20+L20+O20+R20+U20+X20 -> 423500 | AB20: =D20+G20+J20+M20+P20+S20+V20+Y20 -> 591585 | AC20: =AA20+AB20 -> 1015085
A21: 17 | B21: Ladakh | C21: 15 | D21: 3 | E21: 18 | I21: 148 | J21: 315 | K21: 463 | L21: 1187 | M21: 2103 | N21: 3290 | R21: 191 | S21: 301 | T21: 492 | AA21: =C21+F21+I21+L21+O21+R21+U21+X21 -> 1541 | AB21: =D21+G21+J21+M21+P21+S21+V21+Y21 -> 2722 | AC21: =AA21+AB21 -> 4263
A22: 18 | B22: Lakshadweep | C22: 0 | L22: 14 | M22: 74 | N22: 88 | AA22: =C22+F22+I22+L22+O22+R22+U22+X22 -> 14 | AB22: =D22+G22+J22+M22+P22+S22+V22+Y22 -> 74 | AC22: =AA22+AB22 -> 88
A23: 19 | B23: Madhya Pradesh | C23: 4283 | D23: 3571 | E23: 7854 | G23: 16 | H23: 16 | I23: 175029 | J23: 210899 | K23: 385928 | L23: 1024315 | M23: 878890 | N23: 1903205 | O23: 20910 | P23: 20158 | Q23: 41068 | R23: 113570 | S23: 60431 | T23: 174001 | U23: 1492 | V23: 834 | W23: 2326 | X23: 19680 | Y23: 15653 | Z23: 35333 | AA23: =C23+F23+I23+L23+O23+R23+U23+X23 -> 1359279 | AB23: =D23+G23+J23+M23+P23+S23+V23+Y23 -> 1190452 | AC23: =AA23+AB23 -> 2549731
A24: 20 | B24: Maharashtra | C24: 10115 | D24: 7717 | E24: 17832 | F24: 121 | G24: 69 | H24: 190 | I24: 218375 | J24: 239841 | K24: 458216 | L24: 1644217 | M24: 1349613 | N24: 2993830 | O24: 10543 | P24: 8326 | Q24: 18869 | R24: 216851 | S24: 145671 | T24: 362522 | U24: 3135 | V24: 3013 | W24: 6148 | X24: 10636 | Y24: 9599 | Z24: 20235 | AA24: =C24+F24+I24+L24+O24+R24+U24+X24 -> 2113993 | AB24: =D24+G24+J24+M24+P24+S24+V24+Y24 -> 1763849 | AC24: =AA24+AB24 -> 3877842
A25: 21 | B25: Manipur | C25: 725 | D25: 723 | E25: 1448 | G25: 6 | H25: 6 | I25: 3211 | J25: 3989 | K25: 7200 | L25: 57000 | M25: 53650 | N25: 110650 | O25: 526 | P25: 394 | Q25: 920 | R25: 1635 | S25: 2902 | T25: 4537 | U25: 161 | V25: 125 | W25: 286 | AA25: =C25+F25+I25+L25+O25+R25+U25+X25 -> 63258 | AB25: =D25+G25+J25+M25+P25+S25+V25+Y25 -> 61789 | AC25: =AA25+AB25 -> 125047
A26: 22 | B26: Meghalaya | C26: 458 | D26: 331 | E26: 789 | F26: 1 | G26: 2 | H26: 3 | I26: 4340 | J26: 6303 | K26: 10643 | L26: 34345 | M26: 39778 | N26: 74123 | O26: 184 | P26: 284 | Q26: 468 | R26: 981 | S26: 1980 | T26: 2961 | U26: 31 | V26: 55 | W26: 86 | X26: 203 | Y26: 180 | Z26: 383 | AA26: =C26+F26+I26+L26+O26+R26+U26+X26 -> 40543 | AB26: =D26+G26+J26+M26+P26+S26+V26+Y26 -> 48913 | AC26: =AA26+AB26 -> 89456
A27: 23 | B27: Mizoram | C27: 634 | D27: 565 | E27: 1199 | I27: 1266 | J27: 1572 | K27: 2838 | L27: 14289 | M27: 13432 | N27: 27721 | R27: 3179 | S27: 3516 | T27: 6695 | X27: 15 | Y27: 10 | Z27: 25 | AA27: =C27+F27+I27+L27+O27+R27+U27+X27 -> 19383 | AB27: =D27+G27+J27+M27+P27+S27+V27+Y27 -> 19095 | AC27: =AA27+AB27 -> 38478
A28: 24 | B28: Nagaland | C28: 290 | D28: 330 | E28: 620 | F28: 12 | G28: 6 | H28: 18 | I28: 2181 | J28: 3138 | K28: 5319 | L28: 18191 | M28: 19839 | N28: 38030 | O28: 2 | P28: 7 | Q28: 9 | R28: 851 | S28: 1309 | T28: 2160 | U28: 310 | V28: 276 | W28: 586 | AA28: =C28+F28+I28+L28+O28+R28+U28+X28 -> 21837 | AB28: =D28+G28+J28+M28+P28+S28+V28+Y28 -> 24905 | AC28: =AA28+AB28 -> 46742
A29: 25 | B29: Odisha | C29: 2668 | D29: 1550 | E29: 4218 | F29: 269 | G29: 303 | H29: 572 | I29: 42106 | J29: 38558 | K29: 80664 | L29: 385015 | M29: 367241 | N29: 752256 | O29: 1571 | P29: 951 | Q29: 2522 | R29: 103357 | S29: 44714 | T29: 148071 | U29: 651 | V29: 899 | W29: 1550 | X29: 5769 | Y29: 5898 | Z29: 11667 | AA29: =C29+F29+I29+L29+O29+R29+U29+X29 -> 541406 | AB29: =D29+G29+J29+M29+P29+S29+V29+Y29 -> 460114 | AC29: =AA29+AB29 -> 1001520
A30: 26 | B30: Puducherry | C30: 325 | D30: 278 | E30: 603 | I30: 5816 | J30: 7279 | K30: 13095 | L30: 27912 | M30: 33533 | N30: 61445 | O30: 29 | P30: 25 | Q30: 54 | R30: 2438 | S30: 1357 | T30: 3795 | U30: 11 | V30: 8 | W30: 19 | X30: 556 | Y30: 943 | Z30: 1499 | AA30: =C30+F30+I30+L30+O30+R30+U30+X30 -> 37087 | AB30: =D30+G30+J30+M30+P30+S30+V30+Y30 -> 43423 | AC30: =AA30+AB30 -> 80510
A31: 27 | B31: Punjab | C31: 4946 | D31: 5379 | E31: 10325 | F31: 28 | G31: 41 | H31: 69 | I31: 30259 | J31: 47297 | K31: 77556 | L31: 294665 | M31: 273859 | N31: 568524 | O31: 2393 | P31: 3043 | Q31: 5436 | R31: 46133 | S31: 38572 | T31: 84705 | U31: 743 | V31: 946 | W31: 1689 | X31: 9479 | Y31: 11546 | Z31: 21025 | AA31: =C31+F31+I31+L31+O31+R31+U31+X31 -> 388646 | AB31: =D31+G31+J31+M31+P31+S31+V31+Y31 -> 380683 | AC31: =AA31+AB31 -> 769329
A32: 28 | B32: Rajasthan | C32: 6913 | D32: 6915 | E32: 13828 | F32: 145 | G32: 161 | H32: 306 | I32: 78165 | J32: 118470 | K32: 196635 | L32: 962373 | M32: 887207 | N32: 1849580 | O32: 4565 | P32: 2972 | Q32: 7537 | R32: 79581 | S32: 31614 | T32: 111195 | U32: 1869 | V32: 1824 | W32: 3693 | X32: 64924 | Y32: 61038 | Z32: 125962 | AA32: =C32+F32+I32+L32+O32+R32+U32+X32 -> 1198535 | AB32: =D32+G32+J32+M32+P32+S32+V32+Y32 -> 1110201 | AC32: =AA32+AB32 -> 2308736
A33: 29 | B33: Sikkim | C33: 337 | D33: 315 | E33: 652 | F33: 18 | G33: 25 | H33: 43 | I33: 1419 | J33: 1834 | K33: 3253 | L33: 10510 | M33: 10268 | N33: 20778 | R33: 985 | S33: 704 | T33: 1689 | U33: 50 | V33: 5 | W33: 55 | X33: 168 | Y33: 251 | Z33: 419 | AA33: =C33+F33+I33+L33+O33+R33+U33+X33 -> 13487 | AB33: =D33+G33+J33+M33+P33+S33+V33+Y33 -> 13402 | AC33: =AA33+AB33 -> 26889
A34: 30 | B34: Tamil Nadu | C34: 13457 | D34: 15410 | E34: 28867 | F34: 925 | G34: 3116 | H34: 4041 | I34: 128774 | J34: 187831 | K34: 316605 | L34: 1154063 | M34: 1164935 | N34: 2318998 | O34: 1619 | P34: 1571 | Q34: 3190 | R34: 209584 | S34: 45232 | T34: 254816 | U34: 1563 | V34: 3377 | W34: 4940 | X34: 12906 | Y34: 13317 | Z34: 26223 | AA34: =C34+F34+I34+L34+O34+R34+U34+X34 -> 1522891 | AB34: =D34+G34+J34+M34+P34+S34+V34+Y34 -> 1434789 | AC34: =AA34+AB34 -> 2957680
A35: 31 | B35: Telangana | C35: 4412 | D35: 2509 | E35: 6921 | F35: 37 | G35: 34 | H35: 71 | I35: 70558 | J35: 92350 | K35: 162908 | L35: 586900 | M35: 599875 | N35: 1186775 | O35: 2166 | P35: 1885 | Q35: 4051 | R35: 48977 | S35: 40528 | T35: 89505 | U35: 1054 | V35: 277 | W35: 1331 | X35: 4538 | Y35: 3081 | Z35: 7619 | AA35: =C35+F35+I35+L35+O35+R35+U35+X35 -> 718642 | AB35: =D35+G35+J35+M35+P35+S35+V35+Y35 -> 740539 | AC35: =AA35+AB35 -> 1459181
A36: 32 | B36: D & N Haveli and Daman & Diu | C36: 0 | E36: 0 | I36: 305 | J36: 543 | K36: 848 | L36: 4656 | M36: 5103 | N36: 9759 | R36: 1686 | S36: 422 | T36: 2108 | X36: 36 | Y36: 54 | Z36: 90 | AA36: =C36+F36+I36+L36+O36+R36+U36+X36 -> 6683 | AB36: =D36+G36+J36+M36+P36+S36+V36+Y36 -> 6122 | AC36: =AA36+AB36 -> 12805
A37: 33 | B37: Tripura | C37: 286 | D37: 173 | E37: 459 | F37: 2 | G37: 10 | H37: 12 | I37: 2429 | J37: 2468 | K37: 4897 | L37: 42285 | M37: 36473 | N37: 78758 | O37: 31 | P37: 41 | Q37: 72 | R37: 2394 | S37: 2282 | T37: 4676 | U37: 18 | V37: 18 | W37: 36 | X37: 1106 | Y37: 885 | Z37: 1991 | AA37: =C37+F37+I37+L37+O37+R37+U37+X37 -> 48551 | AB37: =D37+G37+J37+M37+P37+S37+V37+Y37 -> 42350 | AC37: =AA37+AB37 -> 90901
A38: 34 | B38: Uttar Pradesh | C38: 11988 | D38: 9725 | E38: 21713 | F38: 15 | G38: 62 | H38: 77 | I38: 291433 | J38: 365367 | K38: 656800 | L38: 2946324 | M38: 2706236 | N38: 5652560 | O38: 6306 | P38: 4344 | Q38: 10650 | R38: 214537 | S38: 101703 | T38: 316240 | U38: 3177 | V38: 2646 | W38: 5823 | X38: 36630 | Y38: 21270 | Z38: 57900 | AA38: =C38+F38+I38+L38+O38+R38+U38+X38 -> 3510410 | AB38: =D38+G38+J38+M38+P38+S38+V38+Y38 -> 3211353 | AC38: =AA38+AB38 -> 6721763
A39: 35 | B39: Uttarakhand | C39: 2573 | D39: 1900 | E39: 4473 | F39: 5 | H39: 5 | I39: 28525 | J39: 35467 | K39: 63992 | L39: 181244 | M39: 184318 | N39: 365562 | O39: 274 | P39: 258 | Q39: 532 | R39: 20043 | S39: 7382 | T39: 27425 | U39: 216 | V39: 64 | W39: 280 | X39: 3555 | Y39: 2390 | Z39: 5945 | AA39: =C39+F39+I39+L39+O39+R39+U39+X39 -> 236435 | AB39: =D39+G39+J39+M39+P39+S39+V39+Y39 -> 231779 | AC39: =AA39+AB39 -> 468214
A40: 36 | B40: West Bengal | C40: 8683 | D40: 5103 | E40: 13786 | F40: 688 | G40: 614 | H40: 1302 | I40: 53497 | J40: 65622 | K40: 119119 | L40: 857467 | M40: 925737 | N40: 1783204 | O40: 2236 | P40: 1199 | Q40: 3435 | R40: 116975 | S40: 71656 | T40: 188631 | U40: 2112 | V40: 1470 | W40: 3582 | X40: 9590 | Y40: 6626 | Z40: 16216 | AA40: =C40+F40+I40+L40+O40+R40+U40+X40 -> 1051248 | AB40: =D40+G40+J40+M40+P40+S40+V40+Y40 -> 1078027 | AC40: =AA40+AB40 -> 2129275
A41: All India | C41: 113902 | D41: 98620 | E41: 212522 | F41: 3373 | G41: 6118 | H41: 9491 | I41: 1646130 | J41: 2108957 | K41: 3755087 | L41: 15807973 | M41: 14895250 | N41: 30703223 | O41: 74052 | P41: 65255 | Q41: 139307 | R41: 1811927 | S41: 1002038 | T41: 2813965 | U41: 27509 | V41: 25635 | W41: 53144 | X41: 248416 | Y41: 211932 | Z41: 460348 | AA41: =C41+F41+I41+L41+O41+R41+U41+X41 -> 19733282 | AB41: =D41+G41+J41+M41+P41+S41+V41+Y41 -> 18413805 | AC41: =AA41+AB41 -> 38147087

Sheet 6bTotalDistanceEnr
B1: Table 6(b) | C1: State-wise Enrolment through Distance Mode at various levels | L1: =C1 -> State-wise Enrolment through Distance Mode at various levels | U1: =C1 -> State-wise Enrolment through Distance Mode at various levels
A2: S.No. | B2: State/UTs | C2: Ph.D. | F2: M.Phil. | I2: Post Graduate | L2: Under Graduate | O2: PG Diploma | R2: Diploma | U2: Certificate | X2: Integrated | AA2: Grand Total
C3: Male | D3: Female | E3: Total | F3: Male | G3: Female | H3: Total | I3: Male | J3: Female | K3: Total | L3: Male | M3: Female | N3: Total | O3: Male | P3: Female | Q3: Total | R3: Male | S3: Female | T3: Total | U3: Male | V3: Female | W3: Total | X3: Male | Y3: Female | Z3: Total | AA3: Male | AB3: Female | AC3: Total
A4: 1 | B4: 2 | C4: 3 | D4: 4 | E4: 5 | F4: 6 | G4: 7 | H4: 8 | I4: 9 | J4: 10 | K4: 11 | L4: 12 | M4: 13 | N4: 14 | O4: 15 | P4: 16 | Q4: 17 | R4: 18 | S4: 19 | T4: 20 | U4: 21 | V4: 22 | W4: 23 | X4: 24 | Y4: 25 | Z4: 26 | AA4: 27 | AB4: 28 | AC4: 29
A5: 1 | B5: A & N Islands | I5: 506 | J5: 659 | K5: 1165 | L5: 1548 | M5: 1213 | N5: 2761 | O5: 26 | P5: 37 | Q5: 63 | R5: 11 | S5: 30 | T5: 41 | U5: 0 | X5: 0 | AA5: =C5+F5+I5+L5+O5+R5+U5+X5 -> 2091 | AB5: =D5+G5+J5+M5+P5+S5+V5+Y5 -> 1939 | AC5: =AA5+AB5 -> 4030
A6: 2 | B6: Andhra Pradesh | I6: 18553 | J6: 16247 | K6: 34800 | L6: 96641 | M6: 68428 | N6: 165069 | O6: 729 | P6: 409 | Q6: 1138 | R6: 247 | S6: 268 | T6: 515 | U6: 172 | V6: 107 | W6: 279 | X6: 0 | AA6: =C6+F6+I6+L6+O6+R6+U6+X6 -> 116342 | AB6: =D6+G6+J6+M6+P6+S6+V6+Y6 -> 85459 | AC6: =AA6+AB6 -> 201801
A7: 3 | B7: Arunachal Pradesh | I7: 1999 | J7: 2816 | K7: 4815 | L7: 2981 | M7: 3496 | N7: 6477 | O7: 26 | P7: 21 | Q7: 47 | R7: 20 | S7: 36 | T7: 56 | U7: 0 | X7: 0 | AA7: =C7+F7+I7+L7+O7+R7+U7+X7 -> 5026 | AB7: =D7+G7+J7+M7+P7+S7+V7+Y7 -> 6369 | AC7: =AA7+AB7 -> 11395
A8: 4 | B8: Assam | I8: 12197 | J8: 15751 | K8: 27948 | L8: 14884 | M8: 9125 | N8: 24009 | O8: 349 | P8: 232 | Q8: 581 | R8: 253 | S8: 336 | T8: 589 | U8: 20 | V8: 17 | W8: 37 | X8: 0 | AA8: =C8+F8+I8+L8+O8+R8+U8+X8 -> 27703 | AB8: =D8+G8+J8+M8+P8+S8+V8+Y8 -> 25461 | AC8: =AA8+AB8 -> 53164
A9: 5 | B9: Bihar | I9: 25730 | J9: 23634 | K9: 49364 | L9: 75774 | M9: 46616 | N9: 122390 | O9: 1135 | P9: 420 | Q9: 1555 | R9: 200 | S9: 201 | T9: 401 | U9: 2 | V9: 0 | W9: 2 | X9: 0 | AA9: =C9+F9+I9+L9+O9+R9+U9+X9 -> 102841 | AB9: =D9+G9+J9+M9+P9+S9+V9+Y9 -> 70871 | AC9: =AA9+AB9 -> 173712
A10: 6 | B10: Chandigarh | I10: 4540 | J10: 5553 | K10: 10093 | L10: 15321 | M10: 7550 | N10: 22871 | O10: 656 | P10: 568 | Q10: 1224 | R10: 407 | S10: 1461 | T10: 1868 | U10: 13 | V10: 12 | W10: 25 | X10: 0 | AA10: =C10+F10+I10+L10+O10+R10+U10+X10 -> 20937 | AB10: =D10+G10+J10+M10+P10+S10+V10+Y10 -> 15144 | AC10: =AA10+AB10 -> 36081
A11: 7 | B11: Chhattisgarh | I11: 7936 | J11: 7046 | K11: 14982 | L11: 11297 | M11: 7783 | N11: 19080 | O11: 2706 | P11: 2136 | Q11: 4842 | R11: 2185 | S11: 2858 | T11: 5043 | U11: 28 | V11: 7 | W11: 35 | X11: 0 | AA11: =C11+F11+I11+L11+O11+R11+U11+X11 -> 24152 | AB11: =D11+G11+J11+M11+P11+S11+V11+Y11 -> 19830 | AC11: =AA11+AB11 -> 43982
A12: 8 | B12: Delhi | I12: 51069 | J12: 80111 | K12: 131180 | L12: 293390 | M12: 225123 | N12: 518513 | O12: 4626 | P12: 4167 | Q12: 8793 | R12: 1162 | S12: 2218 | T12: 3380 | U12: 20 | V12: 27 | W12: 47 | X12: 0 | AA12: =C12+F12+I12+L12+O12+R12+U12+X12 -> 350267 | AB12: =D12+G12+J12+M12+P12+S12+V12+Y12 -> 311646 | AC12: =AA12+AB12 -> 661913
A13: 9 | B13: Goa | I13: 813 | J13: 1179 | K13: 1992 | L13: 2301 | M13: 1046 | N13: 3347 | O13: 83 | P13: 67 | Q13: 150 | R13: 25 | S13: 61 | T13: 86 | U13: 0 | X13: 0 | AA13: =C13+F13+I13+L13+O13+R13+U13+X13 -> 3222 | AB13: =D13+G13+J13+M13+P13+S13+V13+Y13 -> 2353 | AC13: =AA13+AB13 -> 5575
A14: 10 | B14: Gujarat | I14: 7742 | J14: 10184 | K14: 17926 | L14: 40025 | M14: 25956 | N14: 65981 | O14: 1009 | P14: 501 | Q14: 1510 | R14: 2310 | S14: 1376 | T14: 3686 | U14: 0 | X14: 0 | AA14: =C14+F14+I14+L14+O14+R14+U14+X14 -> 51086 | AB14: =D14+G14+J14+M14+P14+S14+V14+Y14 -> 38017 | AC14: =AA14+AB14 -> 89103
A15: 11 | B15: Haryana | I15: 19371 | J15: 22187 | K15: 41558 | L15: 77135 | M15: 39158 | N15: 116293 | O15: 519 | P15: 327 | Q15: 846 | R15: 743 | S15: 2217 | T15: 2960 | U15: 21 | V15: 11 | W15: 32 | X15: 0 | AA15: =C15+F15+I15+L15+O15+R15+U15+X15 -> 97789 | AB15: =D15+G15+J15+M15+P15+S15+V15+Y15 -> 63900 | AC15: =AA15+AB15 -> 161689
A16: 12 | B16: Himachal Pradesh | I16: 6883 | J16: 6739 | K16: 13622 | L16: 22842 | M16: 19090 | N16: 41932 | O16: 196 | P16: 132 | Q16: 328 | R16: 170 | S16: 1946 | T16: 2116 | U16: 0 | X16: 0 | AA16: =C16+F16+I16+L16+O16+R16+U16+X16 -> 30091 | AB16: =D16+G16+J16+M16+P16+S16+V16+Y16 -> 27907 | AC16: =AA16+AB16 -> 57998
A17: 13 | B17: Jammu and Kashmir | I17: 21391 | J17: 29567 | K17: 50958 | L17: 40807 | M17: 31666 | N17: 72473 | O17: 584 | P17: 364 | Q17: 948 | R17: 204 | S17: 409 | T17: 613 | U17: 80 | V17: 155 | W17: 235 | X17: 0 | AA17: =C17+F17+I17+L17+O17+R17+U17+X17 -> 63066 | AB17: =D17+G17+J17+M17+P17+S17+V17+Y17 -> 62161 | AC17: =AA17+AB17 -> 125227
A18: 14 | B18: Jharkhand | I18: 9532 | J18: 11770 | K18: 21302 | L18: 23496 | M18: 11481 | N18: 34977 | O18: 1129 | P18: 443 | Q18: 1572 | R18: 107 | S18: 249 | T18: 356 | U18: 0 | X18: 0 | AA18: =C18+F18+I18+L18+O18+R18+U18+X18 -> 34264 | AB18: =D18+G18+J18+M18+P18+S18+V18+Y18 -> 23943 | AC18: =AA18+AB18 -> 58207
A19: 15 | B19: Karnataka | I19: 22922 | J19: 16873 | K19: 39795 | L19: 26041 | M19: 11715 | N19: 37756 | O19: 2710 | P19: 1777 | Q19: 4487 | R19: 1065 | S19: 1237 | T19: 2302 | U19: 322 | V19: 143 | W19: 465 | X19: 0 | AA19: =C19+F19+I19+L19+O19+R19+U19+X19 -> 53060 | AB19: =D19+G19+J19+M19+P19+S19+V19+Y19 -> 31745 | AC19: =AA19+AB19 -> 84805
A20: 16 | B20: Kerala | I20: 22076 | J20: 36493 | K20: 58569 | L20: 99924 | M20: 108094 | N20: 208018 | O20: 796 | P20: 1011 | Q20: 1807 | R20: 208 | S20: 684 | T20: 892 | U20: 24 | V20: 11 | W20: 35 | X20: 0 | AA20: =C20+F20+I20+L20+O20+R20+U20+X20 -> 123028 | AB20: =D20+G20+J20+M20+P20+S20+V20+Y20 -> 146293 | AC20: =AA20+AB20 -> 269321
A21: 17 | B21: Ladakh | I21: 0 | L21: 0 | O21: 0 | R21: 4 | S21: 13 | T21: 17 | U21: 19 | V21: 131 | W21: 150 | X21: 0 | AA21: =C21+F21+I21+L21+O21+R21+U21+X21 -> 23 | AB21: =D21+G21+J21+M21+P21+S21+V21+Y21 -> 144 | AC21: =AA21+AB21 -> 167
A22: 18 | B22: Lakshadweep | AA22: =C22+F22+I22+L22+O22+R22+U22+X22 -> 0 | AB22: =D22+G22+J22+M22+P22+S22+V22+Y22 -> 0 | AC22: =AA22+AB22 -> 0
A23: 19 | B23: Madhya Pradesh | I23: 11307 | J23: 9395 | K23: 20702 | L23: 52867 | M23: 32433 | N23: 85300 | O23: 599 | P23: 348 | Q23: 947 | R23: 753 | S23: 1057 | T23: 1810 | U23: 71 | V23: 24 | W23: 95 | X23: 0 | AA23: =C23+F23+I23+L23+O23+R23+U23+X23 -> 65597 | AB23: =D23+G23+J23+M23+P23+S23+V23+Y23 -> 43257 | AC23: =AA23+AB23 -> 108854
A24: 20 | B24: Maharashtra | I24: 61747 | J24: 61772 | K24: 123519 | L24: 324747 | M24: 180151 | N24: 504898 | O24: 15051 | P24: 12856 | Q24: 27907 | R24: 19666 | S24: 12211 | T24: 31877 | U24: 4445 | V24: 1892 | W24: 6337 | X24: 0 | AA24: =C24+F24+I24+L24+O24+R24+U24+X24 -> 425656 | AB24: =D24+G24+J24+M24+P24+S24+V24+Y24 -> 268882 | AC24: =AA24+AB24 -> 694538
A25: 21 | B25: Manipur | I25: 1729 | J25: 1539 | K25: 3268 | L25: 1171 | M25: 736 | N25: 1907 | O25: 29 | P25: 25 | Q25: 54 | R25: 47 | S25: 65 | T25: 112 | U25: 0 | X25: 0 | AA25: =C25+F25+I25+L25+O25+R25+U25+X25 -> 2976 | AB25: =D25+G25+J25+M25+P25+S25+V25+Y25 -> 2365 | AC25: =AA25+AB25 -> 5341
A26: 22 | B26: Meghalaya | I26: 1333 | J26: 2129 | K26: 3462 | L26: 1609 | M26: 1711 | N26: 3320 | O26: 96 | P26: 79 | Q26: 175 | R26: 7 | S26: 33 | T26: 40 | U26: 0 | X26: 0 | AA26: =C26+F26+I26+L26+O26+R26+U26+X26 -> 3045 | AB26: =D26+G26+J26+M26+P26+S26+V26+Y26 -> 3952 | AC26: =AA26+AB26 -> 6997
A27: 23 | B27: Mizoram | I27: 1132 | J27: 1638 | K27: 2770 | L27: 2616 | M27: 2817 | N27: 5433 | O27: 39 | P27: 16 | Q27: 55 | R27: 21 | S27: 14 | T27: 35 | U27: 0 | X27: 0 | AA27: =C27+F27+I27+L27+O27+R27+U27+X27 -> 3808 | AB27: =D27+G27+J27+M27+P27+S27+V27+Y27 -> 4485 | AC27: =AA27+AB27 -> 8293
A28: 24 | B28: Nagaland | I28: 1095 | J28: 2040 | K28: 3135 | L28: 579 | M28: 605 | N28: 1184 | O28: 38 | P28: 82 | Q28: 120 | R28: 8 | S28: 34 | T28: 42 | U28: 0 | X28: 0 | AA28: =C28+F28+I28+L28+O28+R28+U28+X28 -> 1720 | AB28: =D28+G28+J28+M28+P28+S28+V28+Y28 -> 2761 | AC28: =AA28+AB28 -> 4481
A29: 25 | B29: Odisha | I29: 21121 | J29: 17913 | K29: 39034 | L29: 17884 | M29: 12015 | N29: 29899 | O29: 349 | P29: 214 | Q29: 563 | R29: 407 | S29: 2456 | T29: 2863 | U29: 0 | X29: 0 | AA29: =C29+F29+I29+L29+O29+R29+U29+X29 -> 39761 | AB29: =D29+G29+J29+M29+P29+S29+V29+Y29 -> 32598 | AC29: =AA29+AB29 -> 72359
A30: 26 | B30: Puducherry | I30: 7382 | J30: 6115 | K30: 13497 | L30: 352 | M30: 284 | N30: 636 | O30: 0 | R30: 0 | U30: 0 | X30: 0 | AA30: =C30+F30+I30+L30+O30+R30+U30+X30 -> 7734 | AB30: =D30+G30+J30+M30+P30+S30+V30+Y30 -> 6399 | AC30: =AA30+AB30 -> 14133
A31: 27 | B31: Punjab | I31: 16507 | J31: 13813 | K31: 30320 | L31: 26434 | M31: 13634 | N31: 40068 | O31: 238 | P31: 140 | Q31: 378 | R31: 2623 | S31: 8844 | T31: 11467 | U31: 5 | V31: 6 | W31: 11 | X31: 0 | AA31: =C31+F31+I31+L31+O31+R31+U31+X31 -> 45807 | AB31: =D31+G31+J31+M31+P31+S31+V31+Y31 -> 36437 | AC31: =AA31+AB31 -> 82244
A32: 28 | B32: Rajasthan | I32: 46134 | J32: 29691 | K32: 75825 | L32: 68846 | M32: 35695 | N32: 104541 | O32: 792 | P32: 360 | Q32: 1152 | R32: 6741 | S32: 5825 | T32: 12566 | U32: 0 | V32: 44 | W32: 44 | X32: 0 | Y32: 0 | Z32: 0 | AA32: =C32+F32+I32+L32+O32+R32+U32+X32 -> 122513 | AB32: =D32+G32+J32+M32+P32+S32+V32+Y32 -> 71615 | AC32: =AA32+AB32 -> 194128
A33: 29 | B33: Sikkim | I33: 1002 | J33: 1731 | K33: 2733 | L33: 1758 | M33: 2270 | N33: 4028 | O33: 18 | P33: 11 | Q33: 29 | R33: 9 | S33: 73 | T33: 82 | U33: 0 | X33: 0 | AA33: =C33+F33+I33+L33+O33+R33+U33+X33 -> 2787 | AB33: =D33+G33+J33+M33+P33+S33+V33+Y33 -> 4085 | AC33: =AA33+AB33 -> 6872
A34: 30 | B34: Tamil Nadu | I34: 69239 | J34: 78242 | K34: 147481 | L34: 89604 | M34: 83220 | N34: 172824 | O34: 6507 | P34: 5032 | Q34: 11539 | R34: 3962 | S34: 3936 | T34: 7898 | U34: 5727 | V34: 5947 | W34: 11674 | X34: 182 | Y34: 49 | Z34: 231 | AA34: =C34+F34+I34+L34+O34+R34+U34+X34 -> 175221 | AB34: =D34+G34+J34+M34+P34+S34+V34+Y34 -> 176426 | AC34: =AA34+AB34 -> 351647
A35: 31 | B35: Telangana | C35: 30 | D35: 16 | E35: 46 | F35: 20 | G35: 9 | H35: 29 | I35: 19209 | J35: 24965 | K35: 44174 | L35: 51470 | M35: 34078 | N35: 85548 | O35: 2220 | P35: 1644 | Q35: 3864 | R35: 1284 | S35: 763 | T35: 2047 | U35: 478 | V35: 1313 | W35: 1791 | X35: 0 | AA35: =C35+F35+I35+L35+O35+R35+U35+X35 -> 74711 | AB35: =D35+G35+J35+M35+P35+S35+V35+Y35 -> 62788 | AC35: =AA35+AB35 -> 137499
A36: 32 | B36: D & N Haveli and Daman & Diu | AA36: =C36+F36+I36+L36+O36+R36+U36+X36 -> 0 | AB36: =D36+G36+J36+M36+P36+S36+V36+Y36 -> 0 | AC36: =AA36+AB36 -> 0
A37: 33 | B37: Tripura | I37: 2780 | J37: 3372 | K37: 6152 | L37: 2147 | M37: 1258 | N37: 3405 | O37: 45 | P37: 18 | Q37: 63 | R37: 15 | S37: 15 | T37: 30 | U37: 0 | X37: 0 | AA37: =C37+F37+I37+L37+O37+R37+U37+X37 -> 4987 | AB37: =D37+G37+J37+M37+P37+S37+V37+Y37 -> 4663 | AC37: =AA37+AB37 -> 9650
A38: 34 | B38: Uttar Pradesh | I38: 35964 | J38: 26193 | K38: 62157 | L38: 40402 | M38: 20570 | N38: 60972 | O38: 11495 | P38: 5088 | Q38: 16583 | R38: 2857 | S38: 1902 | T38: 4759 | U38: 258 | V38: 208 | W38: 466 | X38: 0 | AA38: =C38+F38+I38+L38+O38+R38+U38+X38 -> 90976 | AB38: =D38+G38+J38+M38+P38+S38+V38+Y38 -> 53961 | AC38: =AA38+AB38 -> 144937
A39: 35 | B39: Uttarakhand | I39: 12609 | J39: 17556 | K39: 30165 | L39: 36457 | M39: 31803 | N39: 68260 | O39: 286 | P39: 161 | Q39: 447 | R39: 360 | S39: 256 | T39: 616 | U39: 2 | V39: 0 | W39: 2 | X39: 0 | AA39: =C39+F39+I39+L39+O39+R39+U39+X39 -> 49714 | AB39: =D39+G39+J39+M39+P39+S39+V39+Y39 -> 49776 | AC39: =AA39+AB39 -> 99490
A40: 36 | B40: West Bengal | I40: 72747 | J40: 111498 | K40: 184245 | L40: 249021 | M40: 154763 | N40: 403784 | O40: 894 | P40: 814 | Q40: 1708 | R40: 538 | S40: 777 | T40: 1315 | U40: 1179 | V40: 645 | W40: 1824 | X40: 0 | AA40: =C40+F40+I40+L40+O40+R40+U40+X40 -> 324379 | AB40: =D40+G40+J40+M40+P40+S40+V40+Y40 -> 268497 | AC40: =AA40+AB40 -> 592876
A41: All India | C41: 30 | D41: 16 | E41: 46 | F41: 20 | G41: 9 | H41: 29 | I41: 616297 | J41: 696411 | K41: 1312708 | L41: 1812371 | M41: 1225583 | N41: 3037954 | O41: 55975 | P41: 39500 | Q41: 95475 | R41: 48619 | S41: 53861 | T41: 102480 | U41: 12886 | V41: 10700 | W41: 23586 | X41: 182 | Y41: 49 | Z41: 231 | AA41: =C41+F41+I41+L41+O41+R41+U41+X41 -> 2546380 | AB41: =D41+G41+J41+M41+P41+S41+V41+Y41 -> 2026129 | AC41: =AA41+AB41 -> 4572509

Sheet 6cTotalPrivateEnr
B1: Table 6(c) | C1: State-wise Estimated Enrolment through Private Mode at various levels(Based on Actual Response) | L1: =C1 -> State-wise Estimated Enrolment through Private Mode at various levels(Based on Actual Response) | U1: =C1 -> State-wise Estimated Enrolment through Private Mode at various levels(Based on Actual Response)
A2: S.No. | B2: State/UTs | C2: Ph.D. | F2: M.Phil. | I2: Post Graduate | L2: Under Graduate | O2: PG Diploma | R2: Diploma | U2: Certificate | X2: Integrated | AA2: Grand Total
C3: Male | D3: Female | E3: Total | F3: Male | G3: Female | H3: Total | I3: Male | J3: Female | K3: Total | L3: Male | M3: Female | N3: Total | O3: Male | P3: Female | Q3: Total | R3: Male | S3: Female | T3: Total | U3: Male | V3: Female | W3: Total | X3: Male | Y3: Female | Z3: Total | AA3: Male | AB3: Female | AC3: Total
A4: 1 | B4: 2 | C4: 3 | D4: 4 | E4: 5 | F4: 6 | G4: 7 | H4: 8 | I4: 9 | J4: 10 | K4: 11 | L4: 12 | M4: 13 | N4: 14 | O4: 15 | P4: 16 | Q4: 17 | R4: 18 | S4: 19 | T4: 20 | U4: 21 | V4: 22 | W4: 23 | X4: 24 | Y4: 25 | Z4: 26 | AA4: 27 | AB4: 28 | AC4: 55
A5: 1 | B5: A & N Islands | AA5: 0 | AB5: 0 | AC5: 0
A6: 2 | B6: Andhra Pradesh | AA6: 0 | AB6: 0 | AC6: 0
A7: 3 | B7: Arunachal Pradesh | AA7: 0 | AB7: 0 | AC7: 0
A8: 4 | B8: Assam | AA8: 0 | AB8: 0 | AC8: 0
A9: 5 | B9: Bihar | I9: 18 | J9: 10 | K9: 28 | L9: 10 | M9: 6 | N9: 16 | O9: 1 | P9: 0 | Q9: 1 | AA9: 28 | AB9: 16 | AC9: 44
A10: 6 | B10: Chandigarh | AA10: 0 | AB10: 0 | AC10: 0
A11: 7 | B11: Chhattisgarh | I11: 36 | J11: 46 | K11: 82 | AA11: 36 | AB11: 46 | AC11: 82
A12: 8 | B12: Delhi | I12: 582 | J12: 840 | K12: 1422 | L12: 1154 | M12: 2165 | N12: 3319 | AA12: 1736 | AB12: 3005 | AC12: 4741
A13: 9 | B13: Goa | AA13: 0 | AB13: 0 | AC13: 0
A14: 10 | B14: Gujarat | I14: 4339 | J14: 10331 | K14: 14670 | L14: 16842 | M14: 10892 | N14: 27734 | AA14: 21181 | AB14: 21223 | AC14: 42404
A15: 11 | B15: Haryana | I15: 1445 | J15: 11475 | K15: 12920 | L15: 2705 | M15: 18225 | N15: 20930 | AA15: 4150 | AB15: 29700 | AC15: 33850
A16: 12 | B16: Himachal Pradesh | AA16: 0 | AB16: 0 | AC16: 0
A17: 13 | B17: Jammu and Kashmir | AA17: 0 | AB17: 0 | AC17: 0
A18: 14 | B18: Jharkhand | AA18: 0 | AB18: 0 | AC18: 0
A19: 15 | B19: Karnataka | AA19: 0 | AB19: 0 | AC19: 0
A20: 16 | B20: Kerala | I20: 128 | J20: 311 | K20: 439 | L20: 7753 | M20: 11277 | N20: 19030 | U20: 163 | V20: 407 | W20: 570 | AA20: 8044 | AB20: 11995 | AC20: 20039
A21: 17 | B21: Ladakh | I21: 7 | J21: 3 | K21: 10 | AA21: 7 | AB21: 3 | AC21: 10
A22: 18 | B22: Lakshadweep | AA22: 0 | AB22: 0 | AC22: 0
A23: 19 | B23: Madhya Pradesh | I23: 15009 | J23: 18752 | K23: 33761 | L23: 66023 | M23: 41796 | N23: 107819 | AA23: 81032 | AB23: 60548 | AC23: 141580
A24: 20 | B24: Maharashtra | I24: 3182 | J24: 2281 | K24: 5463 | AA24: 3182 | AB24: 2281 | AC24: 5463
A25: 21 | B25: Manipur | AA25: 0 | AB25: 0 | AC25: 0
A26: 22 | B26: Meghalaya | AA26: 0 | AB26: 0 | AC26: 0
A27: 23 | B27: Mizoram | AA27: 0 | AB27: 0 | AC27: 0
A28: 24 | B28: Nagaland | AA28: 0 | AB28: 0 | AC28: 0
A29: 25 | B29: Odisha | AA29: 0 | AB29: 0 | AC29: 0
A30: 26 | B30: Puducherry | AA30: 0 | AB30: 0 | AC30: 0
A31: 27 | B31: Punjab | I31: 163 | J31: 2039 | K31: 2202 | L31: 0 | M31: 4969 | N31: 4969 | AA31: 163 | AB31: 7008 | AC31: 7171
A32: 28 | B32: Rajasthan | I32: 16375 | J32: 21428 | K32: 37803 | L32: 92860 | M32: 55813 | N32: 148673 | AA32: 109235 | AB32: 77241 | AC32: 186476
A33: 29 | B33: Sikkim | AA33: 0 | AB33: 0 | AC33: 0
A34: 30 | B34: Tamil Nadu | AA34: 0 | AB34: 0 | AC34: 0
A35: 31 | B35: Telangana | AA35: 0 | AB35: 0 | AC35: 0
A36: 32 | B36: D & N Haveli and Daman & Diu | AA36: 0 | AB36: 0 | AC36: 0
A37: 33 | B37: Tripura | AA37: 0 | AB37: 0 | AC37: 0
A38: 34 | B38: Uttar Pradesh | I38: 21329 | J38: 19829 | K38: 41158 | L38: 46603 | M38: 18963 | N38: 65566 | AA38: 67932 | AB38: 38792 | AC38: 106724
A39: 35 | B39: Uttarakhand | AA39: 0 | AB39: 0 | AC39: 0
A40: 36 | B40: West Bengal | AA40: 0 | AB40: 0 | AC40: 0
A41: All India | F41: 0 | G41: 0 | H41: 0 | I41: 62613 | J41: 87345 | K41: 149958 | L41: 233950 | M41: 164106 | N41: 398056 | O41: 1 | Q41: 1 | R41: 0 | S41: 0 | T41: 0 | U41: 163 | V41: 407 | W41: 570 | X41: 0 | Y41: 0 | Z41: 0 | AA41: 296727 | AB41: 251858 | AC41: 548585

Sheet 7UnivActwithConsUnit
B1: Table 7. | C1: Enrolment in Universities Teaching Departments and it's Constituent Units/Off-campus Centres (Based on Actual Response) | N1: =C1 -> Enrolment in Universities Teaching Departments and it's Constituent Units/Off-campus Centres (Based on Actual Response) | W1: =N1 -> Enrolment in Universities Teaching Departments and it's Constituent Units/Off-campus Centres (Based on Actual Response)
A2: S.No. | B2: States/UTs | C2: Number of Universities | E2: Ph.D. | H2: M.Phil. | K2: Post Graduate | N2: Under Graduate | Q2: PG Diploma | T2: Diploma | W2: Certificate | Z2: Integrated | AC2: Grand Total
C3: Total | D3: Responding | E3: Male | F3: Female | G3: Total | H3: Male | I3: Female | J3: Total | K3: Male | L3: Female | M3: Total | N3: Male | O3: Female | P3: Total | Q3: Male | R3: Female | S3: Total | T3: Male | U3: Female | V3: Total | W3: Male | X3: Female | Y3: Total | Z3: Male | AA3: Female | AB3: Total | AC3: Male | AD3: Female | AE3: Total
A4: 1 | B4: 2 | C4: 3 | D4: 4 | E4: 5 | F4: 6 | G4: 7 | H4: 8 | I4: 9 | J4: 10 | K4: 11 | L4: 12 | M4: 13 | N4: 14 | O4: 15 | P4: 16 | Q4: 17 | R4: 18 | S4: 19 | T4: 20 | U4: 21 | V4: 22 | W4: 23 | X4: 24 | Y4: 25 | Z4: 26 | AA4: 27 | AB4: 28 | AC4: 29 | AD4: 30 | AE4: 31
A5: 1 | B5: A & N Islands | K5: 506 | L5: 659 | M5: 1165 | N5: 1548 | O5: 1213 | P5: 2761 | Q5: 26 | R5: 37 | S5: 63 | T5: 11 | U5: 30 | V5: 41 | AC5: 2091 | AD5: 1939 | AE5: 4030
A6: 2 | B6: Andhra Pradesh | C6: 47 | D6: 47 | E6: 2685 | F6: 1887 | G6: 4572 | H6: 7 | I6: 16 | J6: 23 | K6: 36306 | L6: 34560 | M6: 70866 | N6: 159700 | O6: 121982 | P6: 281682 | Q6: 846 | R6: 471 | S6: 1317 | T6: 580 | U6: 1068 | V6: 1648 | W6: 201 | X6: 140 | Y6: 341 | Z6: 1840 | AA6: 1672 | AB6: 3512 | AC6: 202165 | AD6: 161796 | AE6: 363961
A7: 3 | B7: Arunachal Pradesh | C7: 10 | D7: 10 | E7: 437 | F7: 238 | G7: 675 | K7: 6318 | L7: 5919 | M7: 12237 | N7: 11200 | O7: 7586 | P7: 18786 | Q7: 151 | R7: 98 | S7: 249 | T7: 619 | U7: 514 | V7: 1133 | W7: 329 | X7: 163 | Y7: 492 | Z7: 891 | AA7: 536 | AB7: 1427 | AC7: 19945 | AD7: 15054 | AE7: 34999
A8: 4 | B8: Assam | C8: 30 | D8: 30 | E8: 3065 | F8: 2165 | G8: 5230 | H8: 78 | I8: 106 | J8: 184 | K8: 21299 | L8: 29317 | M8: 50616 | N8: 37921 | O8: 23713 | P8: 61634 | Q8: 477 | R8: 406 | S8: 883 | T8: 1045 | U8: 672 | V8: 1717 | W8: 21 | X8: 21 | Y8: 42 | Z8: 1125 | AA8: 1344 | AB8: 2469 | AC8: 65031 | AD8: 57744 | AE8: 122775
A9: 5 | B9: Bihar | C9: 37 | D9: 37 | E9: 3681 | F9: 1827 | G9: 5508 | K9: 49165 | L9: 41251 | M9: 90416 | N9: 132289 | O9: 70944 | P9: 203233 | Q9: 1310 | R9: 470 | S9: 1780 | T9: 3652 | U9: 2020 | V9: 5672 | W9: 29 | X9: 5 | Y9: 34 | Z9: 1303 | AA9: 820 | AB9: 2123 | AC9: 191429 | AD9: 117337 | AE9: 308766
A10: 6 | B10: Chandigarh | C10: 3 | D10: 3 | E10: 328 | F10: 414 | G10: 742 | H10: 19 | I10: 24 | J10: 43 | K10: 7717 | L10: 9437 | M10: 17154 | N10: 22411 | O10: 11500 | P10: 33911 | Q10: 725 | R10: 605 | S10: 1330 | T10: 476 | U10: 1517 | V10: 1993 | W10: 209 | X10: 158 | Y10: 367 | Z10: 1099 | AA10: 1351 | AB10: 2450 | AC10: 32984 | AD10: 25006 | AE10: 57990
A11: 7 | B11: Chhattisgarh | C11: 34 | D11: 34 | E11: 689 | F11: 623 | G11: 1312 | K11: 14706 | L11: 13438 | M11: 28144 | N11: 32649 | O11: 19803 | P11: 52452 | Q11: 3444 | R11: 2739 | S11: 6183 | T11: 4692 | U11: 3477 | V11: 8169 | W11: 61 | X11: 50 | Y11: 111 | Z11: 1601 | AA11: 1375 | AB11: 2976 | AC11: 57842 | AD11: 41505 | AE11: 99347
A12: 8 | B12: Delhi | C12: 30 | D12: 30 | E12: 7468 | F12: 6510 | G12: 13978 | H12: 716 | I12: 761 | J12: 1477 | K12: 67457 | L12: 94977 | M12: 162434 | N12: 336263 | O12: 279128 | P12: 615391 | Q12: 5492 | R12: 4774 | S12: 10266 | T12: 3662 | U12: 2917 | V12: 6579 | W12: 806 | X12: 454 | Y12: 1260 | Z12: 2126 | AA12: 1202 | AB12: 3328 | AC12: 423990 | AD12: 390723 | AE12: 814713
A13: 9 | B13: Goa | C13: 3 | D13: 3 | E13: 421 | F13: 306 | G13: 727 | K13: 1959 | L13: 2645 | M13: 4604 | N13: 5346 | O13: 1528 | P13: 6874 | Q13: 83 | R13: 67 | S13: 150 | T13: 30 | U13: 81 | V13: 111 | Z13: 1262 | AA13: 277 | AB13: 1539 | AC13: 9101 | AD13: 4904 | AE13: 14005
A14: 10 | B14: Gujarat | C14: 91 | D14: 91 | E14: 4399 | F14: 3480 | G14: 7879 | H14: 35 | I14: 29 | J14: 64 | K14: 50293 | L14: 56751 | M14: 107044 | N14: 199173 | O14: 120737 | P14: 319910 | Q14: 2777 | R14: 2351 | S14: 5128 | T14: 23105 | U14: 6623 | V14: 29728 | W14: 750 | X14: 577 | Y14: 1327 | Z14: 10153 | AA14: 8777 | AB14: 18930 | AC14: 290685 | AD14: 199325 | AE14: 490010
A15: 11 | B15: Haryana | C15: 56 | D15: 56 | E15: 1649 | F15: 2262 | G15: 3911 | H15: 12 | I15: 30 | J15: 42 | K15: 37738 | L15: 57472 | M15: 95210 | N15: 144570 | O15: 101809 | P15: 246379 | Q15: 1051 | R15: 857 | S15: 1908 | T15: 3480 | U15: 3141 | V15: 6621 | W15: 176 | X15: 127 | Y15: 303 | Z15: 8231 | AA15: 6925 | AB15: 15156 | AC15: 196907 | AD15: 172623 | AE15: 369530
A16: 12 | B16: Himachal Pradesh | C16: 30 | D16: 29 | E16: 1025 | F16: 1052 | G16: 2077 | H16: 44 | I16: 38 | J16: 82 | K16: 12436 | L16: 12348 | M16: 24784 | N16: 41684 | O16: 30083 | P16: 71767 | Q16: 685 | R16: 466 | S16: 1151 | T16: 1122 | U16: 2232 | V16: 3354 | W16: 98 | X16: 68 | Y16: 166 | Z16: 1427 | AA16: 968 | AB16: 2395 | AC16: 58521 | AD16: 47255 | AE16: 105776
A17: 13 | B17: Jammu and Kashmir | C17: 16 | D17: 16 | E17: 1762 | F17: 1794 | G17: 3556 | H17: 41 | I17: 82 | J17: 123 | K17: 28612 | L17: 38705 | M17: 67317 | N17: 50310 | O17: 36727 | P17: 87037 | Q17: 614 | R17: 394 | S17: 1008 | T17: 374 | U17: 466 | V17: 840 | W17: 115 | X17: 183 | Y17: 298 | Z17: 2150 | AA17: 2654 | AB17: 4804 | AC17: 83978 | AD17: 81005 | AE17: 164983
A18: 14 | B18: Jharkhand | C18: 33 | D18: 33 | E18: 2004 | F18: 1094 | G18: 3098 | K18: 31127 | L18: 34608 | M18: 65735 | N18: 62053 | O18: 34228 | P18: 96281 | Q18: 1485 | R18: 642 | S18: 2127 | T18: 5109 | U18: 2047 | V18: 7156 | W18: 91 | X18: 25 | Y18: 116 | Z18: 1714 | AA18: 1037 | AB18: 2751 | AC18: 103583 | AD18: 73681 | AE18: 177264
A19: 15 | B19: Karnataka | C19: 75 | D19: 75 | E19: 5320 | F19: 4467 | G19: 9787 | H19: 42 | I19: 175 | J19: 217 | K19: 63211 | L19: 68637 | M19: 131848 | N19: 140340 | O19: 95533 | P19: 235873 | Q19: 3223 | R19: 2217 | S19: 5440 | T19: 966 | U19: 915 | V19: 1881 | W19: 641 | X19: 537 | Y19: 1178 | Z19: 4480 | AA19: 3810 | AB19: 8290 | AC19: 218223 | AD19: 176291 | AE19: 394514
A20: 16 | B20: Kerala | C20: 25 | D20: 25 | E20: 2343 | F20: 2952 | G20: 5295 | H20: 75 | I20: 275 | J20: 350 | K20: 29896 | L20: 49339 | M20: 79235 | N20: 127903 | O20: 134093 | P20: 261996 | Q20: 879 | R20: 1163 | S20: 2042 | T20: 350 | U20: 797 | V20: 1147 | W20: 371 | X20: 475 | Y20: 846 | Z20: 1015 | AA20: 1320 | AB20: 2335 | AC20: 162832 | AD20: 190414 | AE20: 353246
A21: 17 | B21: Ladakh | C21: 2 | D21: 2 | E21: 15 | F21: 3 | G21: 18 | K21: 155 | L21: 318 | M21: 473 | N21: 85 | O21: 124 | P21: 209 | AC21: 255 | AD21: 445 | AE21: 700
A22: 18 | B22: Lakshadweep | N22: 14 | O22: 74 | P22: 88 | AC22: 14 | AD22: 74 | AE22: 88
A23: 19 | B23: Madhya Pradesh | C23: 77 | D23: 77 | E23: 3827 | F23: 2974 | G23: 6801 | I23: 16 | J23: 16 | K23: 67521 | L23: 54620 | M23: 122141 | N23: 273535 | O23: 135145 | P23: 408680 | Q23: 14072 | R23: 14392 | S23: 28464 | T23: 41780 | U23: 18953 | V23: 60733 | W23: 386 | X23: 133 | Y23: 519 | Z23: 8646 | AA23: 5214 | AB23: 13860 | AC23: 409767 | AD23: 231447 | AE23: 641214
A24: 20 | B24: Maharashtra | C24: 74 | D24: 74 | E24: 6566 | F24: 4781 | G24: 11347 | H24: 65 | I24: 45 | J24: 110 | K24: 131188 | L24: 119102 | M24: 250290 | N24: 424283 | O24: 251504 | P24: 675787 | Q24: 16850 | R24: 14689 | S24: 31539 | T24: 22228 | U24: 13579 | V24: 35807 | W24: 5498 | X24: 3294 | Y24: 8792 | Z24: 3784 | AA24: 2838 | AB24: 6622 | AC24: 610462 | AD24: 409832 | AE24: 1020294
A25: 21 | B25: Manipur | C25: 10 | D25: 9 | E25: 712 | F25: 719 | G25: 1431 | H25: 0 | K25: 4400 | L25: 4536 | M25: 8936 | N25: 4168 | O25: 2749 | P25: 6917 | Q25: 87 | R25: 71 | S25: 158 | T25: 115 | U25: 136 | V25: 251 | AC25: 9482 | AD25: 8211 | AE25: 17693
A26: 22 | B26: Meghalaya | C26: 11 | D26: 11 | E26: 430 | F26: 304 | G26: 734 | H26: 1 | I26: 2 | J26: 3 | K26: 5393 | L26: 7946 | M26: 13339 | N26: 5351 | O26: 4361 | P26: 9712 | Q26: 270 | R26: 354 | S26: 624 | T26: 129 | U26: 230 | V26: 359 | W26: 1 | X26: 3 | Y26: 4 | Z26: 133 | AA26: 76 | AB26: 209 | AC26: 11708 | AD26: 13276 | AE26: 24984
A27: 23 | B27: Mizoram | C27: 3 | D27: 3 | E27: 624 | F27: 551 | G27: 1175 | K27: 2147 | L27: 3002 | M27: 5149 | N27: 3553 | O27: 3170 | P27: 6723 | Q27: 39 | R27: 16 | S27: 55 | T27: 21 | U27: 14 | V27: 35 | Z27: 15 | AA27: 10 | AB27: 25 | AC27: 6399 | AD27: 6763 | AE27: 13162
A28: 24 | B28: Nagaland | C28: 6 | D28: 6 | E28: 281 | F28: 322 | G28: 603 | H28: 12 | I28: 6 | J28: 18 | K28: 2760 | L28: 4356 | M28: 7116 | N28: 3049 | O28: 2113 | P28: 5162 | Q28: 40 | R28: 89 | S28: 129 | T28: 8 | U28: 35 | V28: 43 | W28: 5 | X28: 2 | Y28: 7 | AC28: 6155 | AD28: 6923 | AE28: 13078
A29: 25 | B29: Odisha | C29: 37 | D29: 37 | E29: 2633 | F29: 1524 | G29: 4157 | H29: 254 | I29: 267 | J29: 521 | K29: 35839 | L29: 33892 | M29: 69731 | N29: 58423 | O29: 44869 | P29: 103292 | Q29: 349 | R29: 214 | S29: 563 | T29: 1348 | U29: 2527 | V29: 3875 | W29: 16 | X29: 84 | Y29: 100 | Z29: 3601 | AA29: 3514 | AB29: 7115 | AC29: 102463 | AD29: 86891 | AE29: 189354
A30: 26 | B30: Puducherry | C30: 4 | D30: 4 | E30: 278 | F30: 228 | G30: 506 | K30: 10906 | L30: 9825 | M30: 20731 | N30: 4567 | O30: 5639 | P30: 10206 | Q30: 8 | R30: 10 | S30: 18 | T30: 4 | V30: 4 | W30: 4 | X30: 5 | Y30: 9 | Z30: 480 | AA30: 431 | AB30: 911 | AC30: 16247 | AD30: 16138 | AE30: 32385
A31: 27 | B31: Punjab | C31: 40 | D31: 40 | E31: 4942 | F31: 5370 | G31: 10312 | H31: 26 | I31: 18 | J31: 44 | K31: 32303 | L31: 33479 | M31: 65782 | N31: 113853 | O31: 62832 | P31: 176685 | Q31: 520 | R31: 679 | S31: 1199 | T31: 5869 | U31: 9575 | V31: 15444 | W31: 312 | X31: 222 | Y31: 534 | Z31: 5907 | AA31: 6364 | AB31: 12271 | AC31: 163732 | AD31: 118539 | AE31: 282271
A32: 28 | B32: Rajasthan | C32: 90 | D32: 89 | E32: 6354 | F32: 6508 | G32: 12862 | H32: 145 | I32: 161 | J32: 306 | K32: 89138 | L32: 75295 | M32: 164433 | N32: 287651 | O32: 158571 | P32: 446222 | Q32: 3292 | R32: 1426 | S32: 4718 | T32: 24691 | U32: 9288 | V32: 33979 | W32: 206 | X32: 134 | Y32: 340 | Z32: 12927 | AA32: 9469 | AB32: 22396 | AC32: 424404 | AD32: 260852 | AE32: 685256
A33: 29 | B33: Sikkim | C33: 9 | D33: 7 | E33: 328 | F33: 306 | G33: 634 | H33: 18 | I33: 25 | J33: 43 | K33: 2216 | L33: 3328 | M33: 5544 | N33: 5793 | O33: 4487 | P33: 10280 | Q33: 18 | R33: 11 | S33: 29 | T33: 9 | U33: 73 | V33: 82 | W33: 5 | X33: 3 | Y33: 8 | Z33: 63 | AA33: 64 | AB33: 127 | AC33: 8450 | AD33: 8297 | AE33: 16747
A34: 30 | B34: Tamil Nadu | C34: 62 | D34: 62 | E34: 10428 | F34: 10363 | G34: 20791 | H34: 120 | I34: 1362 | J34: 1482 | K34: 104457 | L34: 113086 | M34: 217543 | N34: 302614 | O34: 191845 | P34: 494459 | Q34: 6697 | R34: 5240 | S34: 11937 | T34: 5023 | U34: 4731 | V34: 9754 | W34: 5741 | X34: 5980 | Y34: 11721 | Z34: 9542 | AA34: 8713 | AB34: 18255 | AC34: 444622 | AD34: 341320 | AE34: 785942
A35: 31 | B35: Telangana | C35: 31 | D35: 31 | E35: 4427 | F35: 2515 | G35: 6942 | H35: 20 | I35: 9 | J35: 29 | K35: 34944 | L35: 40484 | M35: 75428 | N35: 84631 | O35: 68144 | P35: 152775 | Q35: 2246 | R35: 1725 | S35: 3971 | T35: 2050 | U35: 1423 | V35: 3473 | W35: 1365 | X35: 1368 | Y35: 2733 | Z35: 2402 | AA35: 1736 | AB35: 4138 | AC35: 132085 | AD35: 117404 | AE35: 249489
A36: 32 | B36: D & N Haveli and Daman & Diu | K36: 51 | L36: 43 | M36: 94 | N36: 157 | O36: 15 | P36: 172 | AC36: 208 | AD36: 58 | AE36: 266
A37: 33 | B37: Tripura | C37: 5 | D37: 5 | E37: 279 | F37: 169 | G37: 448 | H37: 2 | I37: 10 | J37: 12 | K37: 4911 | L37: 5600 | M37: 10511 | N37: 7282 | O37: 3749 | P37: 11031 | Q37: 76 | R37: 59 | S37: 135 | T37: 31 | U37: 71 | V37: 102 | Z37: 977 | AA37: 753 | AB37: 1730 | AC37: 13558 | AD37: 10411 | AE37: 23969
A38: 34 | B38: Uttar Pradesh | C38: 91 | D38: 91 | E38: 11235 | F38: 9198 | G38: 20433 | H38: 15 | I38: 62 | J38: 77 | K38: 115325 | L38: 89971 | M38: 205296 | N38: 307769 | O38: 148253 | P38: 456022 | Q38: 9035 | R38: 3985 | S38: 13020 | T38: 20652 | U38: 7595 | V38: 28247 | W38: 1378 | X38: 918 | Y38: 2296 | Z38: 12426 | AA38: 7970 | AB38: 20396 | AC38: 477835 | AD38: 267952 | AE38: 745787
A39: 35 | B39: Uttarakhand | C39: 38 | D39: 37 | E39: 2079 | F39: 1386 | G39: 3465 | H39: 5 | I39: 0 | J39: 5 | K39: 26089 | L39: 29363 | M39: 55452 | N39: 102238 | O39: 76099 | P39: 178337 | Q39: 489 | R39: 285 | S39: 774 | T39: 2762 | U39: 1072 | V39: 3834 | W39: 47 | X39: 43 | Y39: 90 | Z39: 2808 | AA39: 2041 | AB39: 4849 | AC39: 136517 | AD39: 110289 | AE39: 246806
A40: 36 | B40: West Bengal | C40: 58 | D40: 58 | E40: 8374 | F40: 4996 | G40: 13370 | H40: 647 | I40: 605 | J40: 1252 | K40: 105265 | L40: 149823 | M40: 255088 | N40: 302355 | O40: 184284 | P40: 486639 | Q40: 1199 | R40: 950 | S40: 2149 | T40: 2141 | U40: 1891 | V40: 4032 | W40: 2120 | X40: 1135 | Y40: 3255 | Z40: 5184 | AA40: 1982 | AB40: 7166 | AC40: 427285 | AD40: 345666 | AE40: 772951
A41: All India | C41: 1168 | D41: 1162 | E41: 101088 | F41: 83288 | G41: 184376 | H41: 2399 | I41: 4124 | J41: 6523 | K41: 1233754 | L41: 1328132 | M41: 2561886 | N41: 3796731 | O41: 2438634 | P41: 6235365 | Q41: 78555 | R41: 61952 | S41: 140507 | T41: 178134 | U41: 99710 | V41: 277844 | W41: 20982 | X41: 16307 | Y41: 37289 | Z41: 109312 | AA41: 85243 | AB41: 194555 | AC41: 5520955 | AD41: 4117390 | AE41: 9638345
M42: Note - Constituent & Affiliated Colleges of State/Central University not included.

Sheet 8CollegeAct
B1: Table 8. | C1: Number of Colleges and Enrolment in responding Colleges at various levels (Based on Actual Response) | N1: Number of Colleges and Enrolment in responding Colleges at various levels (Based on Actual Response) | W1: Number of Colleges and Enrolment in responding Colleges at various levels (Based on Actual Response)
A2: S.No. | B2: States/UTs | C2: Number of Colleges | E2: Ph.D. | H2: M.Phil. | K2: Post Graduate | N2: Under Graduate | Q2: PG Diploma | T2: Diploma | W2: Certificate | Z2: Integrated | AC2: Grand Total
C3: Total | D3: Response | E3: Male | F3: Female | G3: Total | H3: Male | I3: Female | J3: Total | K3: Male | L3: Female | M3: Total | N3: Male | O3: Female | P3: Total | Q3: Male | R3: Female | S3: Total | T3: Male | U3: Female | V3: Total | W3: Male | X3: Female | Y3: Total | Z3: Male | AA3: Female | AB3: Total | AC3: Male | AD3: Female | AE3: Total
A4: 1 | B4: 2 | C4: 3 | D4: 4 | E4: 5 | F4: 6 | G4: 7 | H4: 8 | I4: 9 | J4: 10 | K4: 11 | L4: 12 | M4: 13 | N4: 14 | O4: 15 | P4: 16 | Q4: 17 | R4: 18 | S4: 19 | T4: 20 | U4: 21 | V4: 22 | W4: 23 | X4: 24 | Y4: 25 | Z4: 26 | AA4: 27 | AB4: 28 | AC4: 29 | AD4: 30 | AE4: 31
A5: 1 | B5: A & N Islands | C5: 9 | D5: 9 | E5: 5 | F5: 9 | G5: 14 | K5: 69 | L5: 283 | M5: 352 | N5: 2259 | O5: 3231 | P5: 5490 | R5: 0 | T5: 515 | U5: 281 | V5: 796 | W5: 39 | X5: 33 | Y5: 72 | Z5: 193 | AA5: 355 | AB5: 548 | AC5: 3080 | AD5: 4192 | AE5: 7272
A6: 2 | B6: Andhra Pradesh | C6: 2602 | D6: 2582 | E6: 552 | F6: 459 | G6: 1011 | K6: 55930 | L6: 56033 | M6: 111963 | N6: 660578 | O6: 607047 | P6: 1267625 | Q6: 79 | R6: 80 | S6: 159 | T6: 32084 | U6: 10531 | V6: 42615 | Z6: 4879 | AA6: 2067 | AB6: 6946 | AC6: 754102 | AD6: 676217 | AE6: 1430319
A7: 3 | B7: Arunachal Pradesh | C7: 44 | D7: 43 | E7: 4 | F7: 2 | G7: 6 | K7: 163 | L7: 296 | M7: 459 | N7: 13894 | O7: 13615 | P7: 27509 | Q7: 1 | R7: 3 | S7: 4 | U7: 191 | V7: 191 | Z7: 272 | AA7: 179 | AB7: 451 | AC7: 14334 | AD7: 14286 | AE7: 28620
A8: 4 | B8: Assam | C8: 607 | D8: 553 | E8: 75 | F8: 65 | G8: 140 | H8: 4 | I8: 26 | J8: 30 | K8: 4275 | L8: 6773 | M8: 11048 | N8: 233924 | O8: 247756 | P8: 481680 | Q8: 203 | R8: 416 | S8: 619 | T8: 1931 | U8: 1689 | V8: 3620 | W8: 81 | X8: 641 | Y8: 722 | Z8: 1446 | AA8: 1569 | AB8: 3015 | AC8: 241939 | AD8: 258935 | AE8: 500874
A9: 5 | B9: Bihar | C9: 1092 | D9: 1072 | E9: 37 | F9: 25 | G9: 62 | K9: 31537 | L9: 33347 | M9: 64884 | N9: 1157363 | O9: 969362 | P9: 2126725 | Q9: 313 | R9: 192 | S9: 505 | T9: 19151 | U9: 22779 | V9: 41930 | W9: 1178 | X9: 969 | Y9: 2147 | Z9: 1506 | AA9: 820 | AB9: 2326 | AC9: 1211085 | AD9: 1027494 | AE9: 2238579
A10: 6 | B10: Chandigarh | C10: 26 | D10: 26 | E10: 15 | F10: 40 | G10: 55 | I10: 1 | J10: 1 | K10: 1440 | L10: 4154 | M10: 5594 | N10: 18022 | O10: 24382 | P10: 42404 | Q10: 143 | R10: 326 | S10: 469 | T10: 60 | U10: 162 | V10: 222 | W10: 110 | X10: 130 | Y10: 240 | Z10: 24 | AA10: 67 | AB10: 91 | AC10: 19814 | AD10: 29262 | AE10: 49076
A11: 7 | B11: Chhattisgarh | C11: 917 | D11: 895 | E11: 168 | F11: 271 | G11: 439 | H11: 4 | I11: 8 | J11: 12 | K11: 20352 | L11: 37890 | M11: 58242 | N11: 191429 | O11: 251624 | P11: 443053 | Q11: 4772 | R11: 5574 | S11: 10346 | T11: 16987 | U11: 10500 | V11: 27487 | W11: 189 | X11: 352 | Y11: 541 | Z11: 1089 | AA11: 1034 | AB11: 2123 | AC11: 234990 | AD11: 307253 | AE11: 542243
A12: 8 | B12: Delhi | C12: 188 | D12: 171 | E12: 47 | F12: 44 | G12: 91 | K12: 5940 | L12: 8209 | M12: 14149 | N12: 133080 | O12: 143661 | P12: 276741 | Q12: 433 | R12: 349 | S12: 782 | T12: 1445 | U12: 2970 | V12: 4415 | W12: 157 | X12: 456 | Y12: 613 | Z12: 1659 | AA12: 1147 | AB12: 2806 | AC12: 142761 | AD12: 156836 | AE12: 299597
A13: 9 | B13: Goa | C13: 62 | D13: 62 | E13: 69 | F13: 101 | G13: 170 | H13: 10 | J13: 10 | K13: 940 | L13: 1883 | M13: 2823 | N13: 16893 | O13: 20681 | P13: 37574 | Q13: 48 | R13: 56 | S13: 104 | T13: 33 | U13: 146 | V13: 179 | W13: 12 | Y13: 12 | Z13: 319 | AA13: 944 | AB13: 1263 | AC13: 18324 | AD13: 23811 | AE13: 42135
A14: 10 | B14: Gujarat | C14: 2395 | D14: 2374 | E14: 350 | F14: 205 | G14: 555 | K14: 46651 | L14: 61421 | M14: 108072 | N14: 574363 | O14: 469587 | P14: 1043950 | Q14: 1055 | R14: 1373 | S14: 2428 | T14: 83329 | U14: 28933 | V14: 112262 | W14: 2079 | X14: 1262 | Y14: 3341 | Z14: 2206 | AA14: 1707 | AB14: 3913 | AC14: 710033 | AD14: 564488 | AE14: 1274521
A15: 11 | B15: Haryana | C15: 1090 | D15: 1089 | E15: 129 | F15: 115 | G15: 244 | H15: 4 | I15: 2 | J15: 6 | K15: 19194 | L15: 41249 | M15: 60443 | N15: 259503 | O15: 314478 | P15: 573981 | Q15: 414 | R15: 751 | S15: 1165 | T15: 13453 | U15: 12592 | V15: 26045 | W15: 122 | X15: 395 | Y15: 517 | Z15: 3550 | AA15: 2723 | AB15: 6273 | AC15: 296369 | AD15: 372305 | AE15: 668674
A16: 12 | B16: Himachal Pradesh | C16: 349 | D16: 348 | E16: 3 | F16: 3 | G16: 6 | K16: 2623 | L16: 6498 | M16: 9121 | N16: 76614 | O16: 109947 | P16: 186561 | Q16: 254 | R16: 424 | S16: 678 | T16: 1447 | U16: 2515 | V16: 3962 | W16: 70 | X16: 49 | Y16: 119 | Z16: 77 | AA16: 133 | AB16: 210 | AC16: 81088 | AD16: 119569 | AE16: 200657
A17: 13 | B17: Jammu and Kashmir | C17: 341 | D17: 337 | E17: 117 | F17: 129 | G17: 246 | K17: 2073 | L17: 2678 | M17: 4751 | N17: 94363 | O17: 108720 | P17: 203083 | Q17: 163 | R17: 89 | S17: 252 | T17: 232 | U17: 458 | V17: 690 | Z17: 1923 | AA17: 2268 | AB17: 4191 | AC17: 98871 | AD17: 114342 | AE17: 213213
A18: 14 | B18: Jharkhand | C18: 366 | D18: 365 | E18: 11 | F18: 8 | G18: 19 | H18: 14 | I18: 66 | J18: 80 | K18: 17465 | L18: 28631 | M18: 46096 | N18: 300222 | O18: 311739 | P18: 611961 | Q18: 59 | R18: 41 | S18: 100 | T18: 9634 | U18: 5147 | V18: 14781 | W18: 297 | X18: 285 | Y18: 582 | Z18: 534 | AA18: 210 | AB18: 744 | AC18: 328236 | AD18: 346127 | AE18: 674363
A19: 15 | B19: Karnataka | C19: 4430 | D19: 4283 | E19: 721 | F19: 670 | G19: 1391 | H19: 2 | I19: 8 | J19: 10 | K19: 51605 | L19: 69941 | M19: 121546 | N19: 818591 | O19: 800444 | P19: 1619035 | Q19: 596 | R19: 552 | S19: 1148 | T19: 8103 | U19: 8123 | V19: 16226 | W19: 1040 | X19: 468 | Y19: 1508 | Z19: 4133 | AA19: 4086 | AB19: 8219 | AC19: 884791 | AD19: 884292 | AE19: 1769083
A20: 16 | B20: Kerala | C20: 1463 | D20: 1332 | E20: 1042 | F20: 2791 | G20: 3833 | I20: 6 | J20: 6 | K20: 19160 | L20: 66329 | M20: 85489 | N20: 280805 | O20: 401353 | P20: 682158 | Q20: 91 | R20: 165 | S20: 256 | T20: 4424 | U20: 4376 | V20: 8800 | W20: 36 | X20: 293 | Y20: 329 | Z20: 4100 | AA20: 5689 | AB20: 9789 | AC20: 309658 | AD20: 481002 | AE20: 790660
A21: 17 | B21: Ladakh | C21: 6 | D21: 6 | N21: 1102 | O21: 1979 | P21: 3081 | R21: 0 | AC21: 1102 | AD21: 1979 | AE21: 3081
A22: 18 | B22: Lakshadweep
A23: 19 | B23: Madhya Pradesh | C23: 2742 | D23: 2464 | E23: 455 | F23: 592 | G23: 1047 | K23: 126073 | L23: 177866 | M23: 303939 | N23: 812717 | O23: 772097 | P23: 1584814 | Q23: 4455 | R23: 4356 | S23: 8811 | T23: 44069 | U23: 24913 | V23: 68982 | W23: 944 | X23: 481 | Y23: 1425 | Z23: 10934 | AA23: 10340 | AB23: 21274 | AC23: 999647 | AD23: 990645 | AE23: 1990292
A24: 20 | B24: Maharashtra | C24: 4692 | D24: 4685 | E24: 3543 | F24: 2934 | G24: 6477 | H24: 56 | I24: 24 | J24: 80 | K24: 150060 | L24: 183501 | M24: 333561 | N24: 1536337 | O24: 1272047 | P24: 2808384 | Q24: 2219 | R24: 2452 | S24: 4671 | T24: 23288 | U24: 14593 | V24: 37881 | W24: 1092 | X24: 1160 | Y24: 2252 | Z24: 6852 | AA24: 6761 | AB24: 13613 | AC24: 1723447 | AD24: 1483472 | AE24: 3206919
A25: 21 | B25: Manipur | C25: 108 | D25: 103 | E25: 13 | F25: 4 | G25: 17 | I25: 6 | J25: 6 | K25: 514 | L25: 939 | M25: 1453 | N25: 52012 | O25: 49610 | P25: 101622 | Q25: 48 | R25: 122 | S25: 170 | T25: 532 | U25: 478 | V25: 1010 | W25: 18 | X25: 12 | Y25: 30 | AC25: 53137 | AD25: 51171 | AE25: 104308
A26: 22 | B26: Meghalaya | C26: 77 | D26: 69 | E26: 28 | F26: 27 | G26: 55 | K26: 220 | L26: 413 | M26: 633 | N26: 28061 | O26: 33666 | P26: 61727 | Q26: 10 | R26: 9 | S26: 19 | W26: 30 | X26: 52 | Y26: 82 | Z26: 70 | AA26: 104 | AB26: 174 | AC26: 28419 | AD26: 34271 | AE26: 62690
A27: 23 | B27: Mizoram | C27: 40 | D27: 40 | E27: 10 | F27: 14 | G27: 24 | K27: 251 | L27: 208 | M27: 459 | N27: 13250 | O27: 12923 | P27: 26173 | R27: 0 | T27: 85 | U27: 7 | V27: 92 | AC27: 13596 | AD27: 13152 | AE27: 26748
A28: 24 | B28: Nagaland | C28: 69 | D28: 68 | E28: 9 | F28: 8 | G28: 17 | K28: 516 | L28: 822 | M28: 1338 | N28: 15721 | O28: 18331 | P28: 34052 | R28: 0 | T28: 86 | U28: 179 | V28: 265 | W28: 305 | X28: 274 | Y28: 579 | AC28: 16637 | AD28: 19614 | AE28: 36251
A29: 25 | B29: Odisha | C29: 1300 | D29: 1289 | E29: 29 | F29: 14 | G29: 43 | H29: 15 | I29: 36 | J29: 51 | K29: 26663 | L29: 22017 | M29: 48680 | N29: 342986 | O29: 332274 | P29: 675260 | Q29: 434 | R29: 340 | S29: 774 | T29: 9334 | U29: 3183 | V29: 12517 | W29: 423 | X29: 431 | Y29: 854 | Z29: 2168 | AA29: 2384 | AB29: 4552 | AC29: 382052 | AD29: 360679 | AE29: 742731
A30: 26 | B30: Puducherry | C30: 82 | D30: 68 | E30: 47 | F30: 50 | G30: 97 | K30: 1959 | L30: 3033 | M30: 4992 | N30: 20844 | O30: 24416 | P30: 45260 | Q30: 21 | R30: 15 | S30: 36 | T30: 151 | U30: 516 | V30: 667 | W30: 7 | X30: 3 | Y30: 10 | Z30: 76 | AA30: 512 | AB30: 588 | AC30: 23105 | AD30: 28545 | AE30: 51650
A31: 27 | B31: Punjab | C31: 1044 | D31: 1037 | E31: 4 | F31: 9 | G31: 13 | H31: 2 | I31: 23 | J31: 25 | K31: 14514 | L31: 29360 | M31: 43874 | N31: 204662 | O31: 224203 | P31: 428865 | Q31: 2039 | R31: 2492 | S31: 4531 | T31: 9509 | U31: 16114 | V31: 25623 | W31: 417 | X31: 655 | Y31: 1072 | Z31: 3572 | AA31: 5182 | AB31: 8754 | AC31: 234719 | AD31: 278038 | AE31: 512757
A32: 28 | B32: Rajasthan | C32: 3934 | D32: 3521 | E32: 559 | F32: 407 | G32: 966 | K32: 47809 | L32: 87923 | M32: 135732 | N32: 775251 | O32: 757969 | P32: 1533220 | Q32: 1568 | R32: 1518 | S32: 3086 | T32: 19287 | U32: 9216 | V32: 28503 | W32: 1257 | X32: 1100 | Y32: 2357 | Z32: 51838 | AA32: 51060 | AB32: 102898 | AC32: 897569 | AD32: 909193 | AE32: 1806762
A33: 29 | B33: Sikkim | C33: 24 | D33: 20 | E33: 9 | F33: 9 | G33: 18 | K33: 189 | L33: 223 | M33: 412 | N33: 5906 | O33: 7453 | P33: 13359 | R33: 0 | T33: 88 | U33: 31 | V33: 119 | W33: 45 | X33: 2 | Y33: 47 | Z33: 105 | AA33: 187 | AB33: 292 | AC33: 6342 | AD33: 7905 | AE33: 14247
A34: 30 | B34: Tamil Nadu | C34: 2829 | D34: 2807 | E34: 3023 | F34: 5045 | G34: 8068 | H34: 804 | I34: 1752 | J34: 2556 | K34: 92826 | L34: 151538 | M34: 244364 | N34: 934768 | O34: 1044496 | P34: 1979264 | Q34: 919 | R34: 1059 | S34: 1978 | T34: 5846 | U34: 13180 | V34: 19026 | W34: 1168 | X34: 3280 | Y34: 4448 | Z34: 3546 | AA34: 4653 | AB34: 8199 | AC34: 1042900 | AD34: 1225003 | AE34: 2267903
A35: 31 | B35: Telangana | C35: 2083 | D35: 1940 | E35: 15 | F35: 10 | G35: 25 | H35: 37 | I35: 34 | J35: 71 | K35: 51405 | L35: 71562 | M35: 122967 | N35: 524079 | O35: 524697 | P35: 1048776 | Q35: 294 | R35: 324 | S35: 618 | T35: 6968 | U35: 2924 | V35: 9892 | W35: 47 | X35: 199 | Y35: 246 | Z35: 2136 | AA35: 1345 | AB35: 3481 | AC35: 584981 | AD35: 601095 | AE35: 1186076
A36: 32 | B36: D & N Haveli and Daman & Diu | C36: 19 | D36: 19 | E36: 0 | F36: 0 | G36: 0 | K36: 254 | L36: 500 | M36: 754 | N36: 4412 | O36: 5068 | P36: 9480 | R36: 0 | T36: 1686 | U36: 422 | V36: 2108 | Z36: 36 | AA36: 54 | AB36: 90 | AC36: 6388 | AD36: 6044 | AE36: 12432
A37: 33 | B37: Tripura | C37: 54 | D37: 54 | E37: 7 | F37: 4 | G37: 11 | K37: 298 | L37: 240 | M37: 538 | N37: 37139 | O37: 33950 | P37: 71089 | R37: 0 | T37: 1674 | U37: 1312 | V37: 2986 | W37: 6 | X37: 10 | Y37: 16 | Z37: 129 | AA37: 132 | AB37: 261 | AC37: 39253 | AD37: 35648 | AE37: 74901
A38: 34 | B38: Uttar Pradesh | C38: 8375 | D38: 7182 | E38: 747 | F38: 521 | G38: 1268 | K38: 211277 | L38: 296639 | M38: 507916 | N38: 2470297 | O38: 2369740 | P38: 4840037 | Q38: 2774 | R38: 2237 | S38: 5011 | T38: 46420 | U38: 22748 | V38: 69168 | W38: 1271 | X38: 1342 | Y38: 2613 | Z38: 24192 | AA38: 13257 | AB38: 37449 | AC38: 2756978 | AD38: 2706484 | AE38: 5463462
A39: 35 | B39: Uttarakhand | C39: 500 | D39: 402 | E39: 453 | F39: 495 | G39: 948 | K39: 12518 | L39: 20401 | M39: 32919 | N39: 99785 | O39: 119192 | P39: 218977 | Q39: 69 | R39: 129 | S39: 198 | T39: 3466 | U39: 2065 | V39: 5531 | W39: 2 | X39: 1 | Y39: 3 | Z39: 747 | AA39: 349 | AB39: 1096 | AC39: 117040 | AD39: 142632 | AE39: 259672
A40: 36 | B40: West Bengal | C40: 1514 | D40: 1510 | E40: 300 | F40: 101 | G40: 401 | H40: 41 | I40: 9 | J40: 50 | K40: 20611 | L40: 26925 | M40: 47536 | N40: 794424 | O40: 886245 | P40: 1680669 | Q40: 705 | R40: 412 | S40: 1117 | T40: 27552 | U40: 26879 | V40: 54431 | W40: 1065 | X40: 966 | Y40: 2031 | Z40: 4391 | AA40: 4632 | AB40: 9023 | AC40: 849089 | AD40: 946169 | AE40: 1795258
A41: All India | C41: 45473 | D41: 42825 | E41: 12596 | F41: 15181 | G41: 27777 | H41: 993 | I41: 2001 | J41: 2994 | K41: 1037374 | L41: 1499725 | M41: 2537099 | N41: 13505656 | O41: 13287983 | P41: 26793639 | Q41: 24179 | R41: 25856 | S41: 50035 | T41: 392869 | U41: 250153 | V41: 643022 | W41: 13507 | X41: 15301 | Y41: 28808 | Z41: 138702 | AA41: 125950 | AB41: 264652 | AC41: 15125876 | AD41: 15222150 | AE41: 30348026

Sheet 9AllSAAct
B1: Table 9. | C1: Number and Enrolment in different types of Standalone Institutions (Based on Actual Response) | O1: =C1 -> Number and Enrolment in different types of Standalone Institutions (Based on Actual Response) | AA1: =O1 -> Number and Enrolment in different types of Standalone Institutions (Based on Actual Response) | AM1: =AA1 -> Number and Enrolment in different types of Standalone Institutions (Based on Actual Response)
A2: Sl No | B2: States/Uts | C2: Polytechnics | I2: PGDM | O2: Nursing | U2: Teacher Training | AA2: Institute under Ministries | AG2: Paramedical | AM2: Hotel Management and Catering | AS2: All Stand Alone Institutions
C3: Number of Institutions | E3: Enrolment | H3: Per Institution Enrolment | I3: Number of Institutions | K3: Enrolment | N3: Per Institution Enrolment | O3: Number of Institutions | Q3: Enrolment | T3: Per Institution Enrolment | U3: Number of Institutions | W3: Enrolment | Z3: Per Institution Enrolment | AA3: Number of Institutions | AC3: Enrolment | AF3: Per Institution Enrolment | AG3: Number of Institutions | AI3: Enrolment | AL3: Per Institution Enrolment | AM3: Number of Institutions | AO3: Enrolment | AR3: Per Institution Enrolment | AS3: Number of Institutions | AU3: Enrolment | AX3: Per Institution Enrolment
C4: Total | D4: Response | E4: Male | F4: Female | G4: Total | I4: Total | J4: Response | K4: Male | L4: Female | M4: Total | O4: Total | P4: Response | Q4: Male | R4: Female | S4: Total | U4: Total | V4: Response | W4: Male | X4: Female | Y4: Total | AA4: Total | AB4: Response | AC4: Male | AD4: Female | AE4: Total | AG4: Total | AH4: Response | AI4: Male | AJ4: Female | AK4: Total | AM4: Total | AN4: Response | AO4: Male | AP4: Female | AQ4: Total | AS4: Total | AT4: Response | AU4: Male | AV4: Female | AW4: Total
A5: 1 | B5: 2 | C5: 3 | D5: 4 | E5: 5 | F5: 6 | G5: 7 | H5: 8 | I5: 9 | J5: 10 | K5: 11 | L5: 12 | M5: 13 | N5: 14 | O5: 15 | P5: 16 | Q5: 17 | R5: 18 | S5: 19 | T5: 20 | U5: 21 | V5: 22 | W5: 23 | X5: 24 | Y5: 25 | Z5: 26 | AA5: 27 | AB5: 28 | AC5: 29 | AD5: 30 | AE5: 31 | AF5: 32 | AG5: 33 | AH5: 34 | AI5: 35 | AJ5: 36 | AK5: 37 | AL5: 38 | AM5: 39 | AN5: 40 | AO5: 41 | AP5: 42 | AQ5: 43 | AR5: 44 | AS5: 45 | AT5: 46 | AU5: 47 | AV5: 48 | AW5: 49 | AX5: 50
A6: 1 | B6: A & N Islands | E6: 0 | K6: 0 | Q6: 0 | U6: 1 | V6: 1 | W6: 29 | X6: 96 | Y6: 125 | Z6: 125 | AC6: 0 | AI6: 0 | AO6: 0 | AS6: 1 | AT6: 1 | AU6: 29 | AV6: 96 | AW6: 125 | AX6: 125
A7: 2 | B7: Andhra Pradesh | C7: 152 | D7: 145 | E7: 54762 | F7: 16684 | G7: 71446 | H7: 470.03947 | I7: 5 | J7: 4 | K7: 132 | L7: 62 | M7: 194 | N7: 38.8 | O7: 264 | P7: 258 | Q7: 2011 | R7: 24487 | S7: 26498 | T7: 100.37121 | U7: 295 | V7: 221 | W7: 5744 | X7: 9505 | Y7: 15249 | Z7: 51.691525 | AA7: 4 | AB7: 4 | AC7: 620 | AD7: 131 | AE7: 751 | AF7: 187.75 | AG7: 2 | AH7: 1 | AI7: 2 | AJ7: 3 | AK7: 5 | AL7: 2.5 | AO7: 0 | AS7: 722 | AT7: 633 | AU7: 63271 | AV7: 50872 | AW7: 114143 | AX7: 158.0928
A8: 3 | B8: Arunachal Pradesh | C8: 8 | D8: 8 | E8: 549 | F8: 94 | G8: 643 | H8: 80.375 | K8: 0 | O8: 5 | P8: 5 | Q8: 0 | R8: 187 | S8: 187 | T8: 37.4 | U8: 7 | V8: 7 | W8: 167 | X8: 274 | Y8: 441 | Z8: 63 | AC8: 0 | AI8: 0 | AO8: 0 | AS8: 20 | AT8: 20 | AU8: 716 | AV8: 555 | AW8: 1271 | AX8: 63.55
A9: 4 | B9: Assam | C9: 28 | D9: 28 | E9: 7801 | F9: 2130 | G9: 9931 | H9: 354.67857 | I9: 1 | J9: 1 | K9: 83 | L9: 51 | M9: 134 | N9: 134 | O9: 28 | P9: 22 | Q9: 173 | R9: 2612 | S9: 2785 | T9: 99.464286 | U9: 37 | V9: 37 | W9: 2576 | X9: 3234 | Y9: 5810 | Z9: 157.02703 | AA9: 3 | AB9: 1 | AC9: 38 | AD9: 81 | AE9: 119 | AF9: 39.666667 | AG9: 1 | AI9: 0 | AL9: 0 | AM9: 1 | AO9: 0 | AR9: 0 | AS9: 99 | AT9: 89 | AU9: 10671 | AV9: 8108 | AW9: 18779 | AX9: 189.68687
A10: 5 | B10: Bihar | C10: 64 | D10: 64 | E10: 32625 | F10: 6418 | G10: 39043 | H10: 610.04688 | I10: 4 | J10: 4 | K10: 658 | L10: 248 | M10: 906 | N10: 226.5 | O10: 175 | P10: 138 | Q10: 2607 | R10: 14652 | S10: 17259 | T10: 98.622857 | U10: 63 | V10: 63 | W10: 7973 | X10: 8998 | Y10: 16971 | Z10: 269.38095 | AA10: 1 | AB10: 1 | AC10: 104 | AD10: 8 | AE10: 112 | AF10: 112 | AG10: 6 | AH10: 6 | AI10: 878 | AJ10: 316 | AK10: 1194 | AL10: 199 | AM10: 2 | AN10: 2 | AO10: 101 | AP10: 15 | AQ10: 116 | AR10: 58 | AS10: 315 | AT10: 278 | AU10: 44946 | AV10: 30655 | AW10: 75601 | AX10: 240.00317
A11: 6 | B11: Chandigarh | C11: 3 | D11: 3 | E11: 1026 | F11: 644 | G11: 1670 | H11: 556.66667 | I11: 1 | J11: 1 | K11: 31 | L11: 34 | M11: 65 | N11: 65 | Q11: 0 | U11: 3 | V11: 3 | W11: 18 | X11: 423 | Y11: 441 | Z11: 147 | AA11: 1 | AB11: 1 | AC11: 443 | AD11: 59 | AE11: 502 | AF11: 502 | AI11: 0 | AM11: 2 | AN11: 2 | AO11: 975 | AP11: 284 | AQ11: 1259 | AR11: 629.5 | AS11: 10 | AT11: 10 | AU11: 2493 | AV11: 1444 | AW11: 3937 | AX11: 393.7
A12: 7 | B12: Chhattisgarh | C12: 3 | D12: 2 | E12: 119 | F12: 31 | G12: 150 | H12: 50 | I12: 3 | J12: 3 | K12: 212 | L12: 158 | M12: 370 | N12: 123.33333 | O12: 40 | P12: 37 | Q12: 160 | R12: 2445 | S12: 2605 | T12: 65.125 | U12: 33 | V12: 27 | W12: 1531 | X12: 2384 | Y12: 3915 | Z12: 118.63636 | AA12: 1 | AB12: 1 | AC12: 68 | AD12: 17 | AE12: 85 | AF12: 85 | AI12: 0 | AO12: 0 | AS12: 80 | AT12: 70 | AU12: 2090 | AV12: 5035 | AW12: 7125 | AX12: 89.0625
A13: 8 | B13: Delhi | C13: 16 | D13: 15 | E13: 10588 | F13: 1260 | G13: 11848 | H13: 740.5 | I13: 20 | J13: 13 | K13: 2605 | L13: 1772 | M13: 4377 | N13: 218.85 | O13: 24 | P13: 23 | Q13: 52 | R13: 2094 | S13: 2146 | T13: 89.416667 | U13: 41 | V13: 35 | W13: 864 | X13: 5205 | Y13: 6069 | Z13: 148.02439 | AA13: 2 | AC13: 0 | AF13: 0 | AG13: 1 | AH13: 1 | AI13: 445 | AJ13: 324 | AK13: 769 | AL13: 769 | AM13: 3 | AO13: 0 | AR13: 0 | AS13: 107 | AT13: 87 | AU13: 14554 | AV13: 10655 | AW13: 25209 | AX13: 235.59813
A14: 9 | B14: Goa | C14: 8 | D14: 8 | E14: 6353 | F14: 258 | G14: 6611 | H14: 826.375 | I14: 1 | J14: 1 | K14: 598 | L14: 321 | M14: 919 | N14: 919 | O14: 1 | P14: 1 | Q14: 0 | R14: 79 | S14: 79 | T14: 79 | U14: 3 | V14: 3 | W14: 14 | X14: 333 | Y14: 347 | Z14: 115.66667 | AA14: 1 | AB14: 1 | AC14: 30 | AD14: 10 | AE14: 40 | AF14: 40 | AG14: 2 | AH14: 2 | AI14: 25 | AJ14: 104 | AK14: 129 | AL14: 64.5 | AM14: 1 | AN14: 1 | AO14: 953 | AP14: 197 | AQ14: 1150 | AR14: 1150 | AS14: 17 | AT14: 17 | AU14: 7973 | AV14: 1302 | AW14: 9275 | AX14: 545.58824
A15: 10 | B15: Gujarat | C15: 10 | D15: 10 | E15: 1215 | F15: 162 | G15: 1377 | H15: 137.7 | I15: 9 | J15: 9 | K15: 1505 | L15: 911 | M15: 2416 | N15: 268.44444 | O15: 193 | P15: 193 | Q15: 3601 | R15: 17655 | S15: 21256 | T15: 110.13472 | U15: 108 | V15: 108 | W15: 1701 | X15: 4681 | Y15: 6382 | Z15: 59.092593 | AA15: 6 | AB15: 6 | AC15: 341 | AD15: 566 | AE15: 907 | AF15: 151.16667 | AI15: 0 | AM15: 1 | AN15: 1 | AO15: 585 | AP15: 208 | AQ15: 793 | AR15: 793 | AS15: 327 | AT15: 327 | AU15: 8948 | AV15: 24183 | AW15: 33131 | AX15: 101.31804
A16: 11 | B16: Haryana | C16: 123 | D16: 123 | E16: 43602 | F16: 8913 | G16: 52515 | H16: 426.95122 | I16: 5 | J16: 5 | K16: 440 | L16: 263 | M16: 703 | N16: 140.6 | O16: 64 | P16: 63 | Q16: 1530 | R16: 5617 | S16: 7147 | T16: 111.67188 | U16: 57 | V16: 57 | W16: 2144 | X16: 2464 | Y16: 4608 | Z16: 80.842105 | AA16: 2 | AB16: 2 | AC16: 37 | AD16: 10 | AE16: 47 | AF16: 23.5 | AI16: 0 | AM16: 7 | AN16: 7 | AO16: 1117 | AP16: 191 | AQ16: 1308 | AR16: 186.85714 | AS16: 258 | AT16: 257 | AU16: 48870 | AV16: 17458 | AW16: 66328 | AX16: 257.08527
A17: 12 | B17: Himachal Pradesh | C17: 38 | D17: 34 | E17: 5524 | F17: 1796 | G17: 7320 | H17: 192.63158 | K17: 0 | O17: 25 | P17: 25 | Q17: 0 | R17: 2484 | S17: 2484 | T17: 99.36 | U17: 19 | V17: 19 | W17: 834 | X17: 1237 | Y17: 2071 | Z17: 109 | AA17: 1 | AB17: 1 | AC17: 161 | AD17: 1 | AE17: 162 | AF17: 162 | AG17: 1 | AH17: 1 | AI17: 45 | AJ17: 6 | AK17: 51 | AL17: 51 | AM17: 2 | AN17: 2 | AO17: 970 | AP17: 160 | AQ17: 1130 | AR17: 565 | AS17: 86 | AT17: 82 | AU17: 7534 | AV17: 5684 | AW17: 13218 | AX17: 153.69767
A18: 13 | B18: Jammu and Kashmir | C18: 66 | D18: 58 | E18: 6330 | F18: 3896 | G18: 10226 | H18: 154.93939 | K18: 0 | O18: 31 | P18: 29 | Q18: 1087 | R18: 2791 | S18: 3878 | T18: 125.09677 | U18: 19 | V18: 19 | W18: 56 | X18: 42 | Y18: 98 | Z18: 5.1578947 | AA18: 1 | AB18: 1 | AC18: 71 | AD18: 143 | AE18: 214 | AF18: 214 | AG18: 45 | AH18: 36 | AI18: 1404 | AJ18: 3882 | AK18: 5286 | AL18: 117.46667 | AM18: 2 | AN18: 2 | AO18: 184 | AP18: 29 | AQ18: 213 | AR18: 106.5 | AS18: 164 | AT18: 145 | AU18: 9132 | AV18: 10783 | AW18: 19915 | AX18: 121.43293
A19: 14 | B19: Jharkhand | C19: 40 | D19: 38 | E19: 13973 | F19: 2888 | G19: 16861 | H19: 421.525 | I19: 6 | J19: 5 | K19: 844 | L19: 695 | M19: 1539 | N19: 256.5 | O19: 48 | P19: 41 | Q19: 1619 | R19: 5329 | S19: 6948 | T19: 144.75 | U19: 5 | V19: 5 | W19: 247 | X19: 645 | Y19: 892 | Z19: 178.4 | AA19: 2 | AB19: 2 | AC19: 269 | AD19: 34 | AE19: 303 | AF19: 151.5 | AG19: 12 | AH19: 10 | AI19: 1231 | AJ19: 431 | AK19: 1662 | AL19: 138.5 | AM19: 2 | AN19: 1 | AO19: 104 | AP19: 29 | AQ19: 133 | AR19: 66.5 | AS19: 115 | AT19: 102 | AU19: 18287 | AV19: 10051 | AW19: 28338 | AX19: 246.41739
A20: 15 | B20: Karnataka | C20: 436 | D20: 375 | E20: 92595 | F20: 26734 | G20: 119329 | H20: 273.69037 | I20: 28 | J20: 20 | K20: 2816 | L20: 2026 | M20: 4842 | N20: 172.92857 | O20: 628 | P20: 549 | Q20: 26478 | R20: 49529 | S20: 76007 | T20: 121.03025 | U20: 223 | V20: 187 | W20: 939 | X20: 3265 | Y20: 4204 | Z20: 18.852018 | AA20: 3 | AB20: 3 | AC20: 601 | AD20: 154 | AE20: 755 | AF20: 251.66667 | AG20: 395 | AH20: 143 | AI20: 6046 | AJ20: 7783 | AK20: 13829 | AL20: 35.010127 | AM20: 2 | AN20: 1 | AO20: 0 | AP20: 0 | AQ20: 0 | AR20: 0 | AS20: 1715 | AT20: 1278 | AU20: 129475 | AV20: 89491 | AW20: 218966 | AX20: 127.67697
A21: 16 | B21: Kerala | C21: 91 | D21: 89 | E21: 45571 | F21: 12032 | G21: 57603 | H21: 633 | I21: 7 | J21: 4 | K21: 381 | L21: 352 | M21: 733 | N21: 104.71429 | O21: 135 | P21: 127 | Q21: 507 | R21: 8522 | S21: 9029 | T21: 66.881481 | U21: 153 | V21: 148 | W21: 2482 | X21: 9654 | Y21: 12136 | Z21: 79.320261 | AA21: 14 | AB21: 10 | AC21: 534 | AD21: 822 | AE21: 1356 | AF21: 96.857143 | AG21: 6 | AH21: 5 | AI21: 36 | AJ21: 125 | AK21: 161 | AL21: 26.833333 | AM21: 2 | AN21: 1 | AO21: 189 | AP21: 11 | AQ21: 200 | AR21: 100 | AS21: 408 | AT21: 384 | AU21: 49700 | AV21: 31518 | AW21: 81218 | AX21: 199.06373
A22: 17 | B22: Ladakh | C22: 4 | D22: 3 | E22: 173 | F22: 165 | G22: 338 | H22: 84.5 | K22: 0 | Q22: 0 | U22: 2 | V22: 2 | W22: 23 | X22: 144 | Y22: 167 | Z22: 83.5 | AC22: 0 | AG22: 1 | AH22: 1 | AI22: 18 | AJ22: 136 | AK22: 154 | AL22: 154 | AO22: 0 | AS22: 7 | AT22: 6 | AU22: 214 | AV22: 445 | AW22: 659 | AX22: 94.142857
A23: 18 | B23: Lakshadweep
A24: 19 | B24: Madhya Pradesh | C24: 64 | D24: 61 | E24: 20663 | F24: 5219 | G24: 25882 | H24: 404.40625 | I24: 76 | J24: 32 | K24: 3957 | L24: 2495 | M24: 6452 | N24: 84.894737 | O24: 126 | P24: 87 | Q24: 5058 | R24: 10413 | S24: 15471 | T24: 122.78571 | U24: 123 | V24: 101 | W24: 5758 | X24: 7278 | Y24: 13036 | Z24: 105.98374 | AA24: 2 | AB24: 2 | AC24: 516 | AD24: 305 | AE24: 821 | AF24: 410.5 | AG24: 5 | AH24: 3 | AI24: 202 | AJ24: 97 | AK24: 299 | AL24: 59.8 | AM24: 5 | AN24: 4 | AO24: 716 | AP24: 260 | AQ24: 976 | AR24: 195.2 | AS24: 401 | AT24: 290 | AU24: 36870 | AV24: 26067 | AW24: 62937 | AX24: 156.95012
A25: 20 | B25: Maharashtra | C25: 737 | D25: 706 | E25: 184253 | F25: 74319 | G25: 258572 | H25: 350.84396 | I25: 60 | J25: 56 | K25: 7423 | L25: 5073 | M25: 12496 | N25: 208.26667 | O25: 676 | P25: 649 | Q25: 4952 | R25: 40534 | S25: 45486 | T25: 67.286982 | U25: 748 | V25: 661 | W25: 7578 | X25: 20664 | Y25: 28242 | Z25: 37.756684 | AA25: 14 | AB25: 14 | AC25: 3790 | AD25: 781 | AE25: 4571 | AF25: 326.5 | AI25: 0 | AM25: 2 | AN25: 1 | AO25: 926 | AP25: 337 | AQ25: 1263 | AR25: 631.5 | AS25: 2237 | AT25: 2087 | AU25: 208922 | AV25: 141708 | AW25: 350630 | AX25: 156.74117
A26: 21 | B26: Manipur | C26: 5 | D26: 5 | E26: 907 | F26: 612 | G26: 1519 | H26: 303.8 | K26: 0 | O26: 16 | P26: 14 | Q26: 115 | R26: 1059 | S26: 1174 | T26: 73.375 | U26: 11 | V26: 11 | W26: 387 | X26: 898 | Y26: 1285 | Z26: 116.81818 | AA26: 1 | AB26: 1 | AC26: 138 | AD26: 45 | AE26: 183 | AF26: 183 | AG26: 3 | AH26: 3 | AI26: 60 | AJ26: 137 | AK26: 197 | AL26: 65.666667 | AO26: 0 | AS26: 36 | AT26: 34 | AU26: 1607 | AV26: 2751 | AW26: 4358 | AX26: 121.05556
A27: 22 | B27: Meghalaya | C27: 3 | D27: 3 | E27: 497 | F27: 334 | G27: 831 | H27: 277 | K27: 0 | O27: 9 | P27: 9 | Q27: 57 | R27: 887 | S27: 944 | T27: 104.88889 | U27: 9 | V27: 8 | W27: 307 | X27: 781 | Y27: 1088 | Z27: 120.88889 | AA27: 1 | AB27: 1 | AC27: 232 | AD27: 339 | AE27: 571 | AF27: 571 | AI27: 0 | AM27: 1 | AN27: 1 | AO27: 214 | AP27: 112 | AQ27: 326 | AR27: 326 | AS27: 23 | AT27: 22 | AU27: 1307 | AV27: 2453 | AW27: 3760 | AX27: 163.47826
A28: 23 | B28: Mizoram | C28: 28 | D28: 27 | E28: 2397 | F28: 1714 | G28: 4111 | H28: 146.82143 | K28: 0 | O28: 8 | P28: 7 | Q28: 80 | R28: 440 | S28: 520 | T28: 65 | U28: 9 | V28: 9 | W28: 502 | X28: 878 | Y28: 1380 | Z28: 153.33333 | AC28: 0 | AG28: 7 | AH28: 7 | AI28: 217 | AJ28: 633 | AK28: 850 | AL28: 121.42857 | AO28: 0 | AS28: 52 | AT28: 50 | AU28: 3196 | AV28: 3665 | AW28: 6861 | AX28: 131.94231
A29: 24 | B29: Nagaland | C29: 10 | D29: 9 | E29: 531 | F29: 230 | G29: 761 | H29: 76.1 | K29: 0 | O29: 3 | P29: 3 | Q29: 14 | R29: 306 | S29: 320 | T29: 106.66667 | U29: 9 | V29: 9 | W29: 208 | X29: 563 | Y29: 771 | Z29: 85.666667 | AC29: 0 | AG29: 1 | AH29: 1 | AI29: 12 | AJ29: 30 | AK29: 42 | AL29: 42 | AO29: 0 | AS29: 23 | AT29: 22 | AU29: 765 | AV29: 1129 | AW29: 1894 | AX29: 82.347826
A30: 25 | B30: Odisha | C30: 137 | D30: 137 | E30: 84546 | F30: 17498 | G30: 102044 | H30: 744.84672 | I30: 12 | J30: 12 | K30: 1573 | L30: 1014 | M30: 2587 | N30: 215.58333 | O30: 215 | P30: 215 | Q30: 3739 | R30: 20092 | S30: 23831 | T30: 110.84186 | U30: 68 | V30: 68 | W30: 2614 | X30: 4117 | Y30: 6731 | Z30: 98.985294 | AA30: 4 | AB30: 4 | AC30: 174 | AD30: 40 | AE30: 214 | AF30: 53.5 | AG30: 84 | AH30: 84 | AI30: 3418 | AJ30: 2162 | AK30: 5580 | AL30: 66.428571 | AM30: 1 | AN30: 1 | AO30: 588 | AP30: 219 | AQ30: 807 | AR30: 807 | AS30: 521 | AT30: 521 | AU30: 96652 | AV30: 45142 | AW30: 141794 | AX30: 272.15739
A31: 26 | B31: Puducherry | C31: 9 | D31: 8 | E31: 2351 | F31: 548 | G31: 2899 | H31: 322.11111 | K31: 0 | O31: 1 | P31: 1 | Q31: 0 | R31: 141 | S31: 141 | T31: 141 | U31: 2 | V31: 2 | W31: 10 | X31: 166 | Y31: 176 | Z31: 88 | AC31: 0 | AI31: 0 | AO31: 0 | AS31: 12 | AT31: 11 | AU31: 2361 | AV31: 855 | AW31: 3216 | AX31: 268
A32: 27 | B32: Punjab | C32: 172 | D32: 168 | E32: 27963 | F32: 6236 | G32: 34199 | H32: 198.8314 | K32: 0 | O32: 129 | P32: 126 | Q32: 3973 | R32: 13218 | S32: 17191 | T32: 133.26357 | U32: 56 | V32: 55 | W32: 1577 | X32: 3538 | Y32: 5115 | Z32: 91.339286 | AA32: 3 | AB32: 2 | AC32: 239 | AD32: 15 | AE32: 254 | AF32: 84.666667 | AG32: 5 | AH32: 4 | AI32: 186 | AJ32: 107 | AK32: 293 | AL32: 58.6 | AM32: 2 | AN32: 2 | AO32: 434 | AP32: 73 | AQ32: 507 | AR32: 253.5 | AS32: 367 | AT32: 357 | AU32: 34372 | AV32: 23187 | AW32: 57559 | AX32: 156.83651
A33: 28 | B33: Rajasthan | C33: 142 | D33: 130 | E33: 24092 | F33: 4094 | G33: 28186 | H33: 198.49296 | I33: 5 | J33: 4 | K33: 477 | L33: 388 | M33: 865 | N33: 173 | O33: 69 | P33: 54 | Q33: 4045 | R33: 2685 | S33: 6730 | T33: 97.536232 | U33: 277 | V33: 229 | W33: 12476 | X33: 13782 | Y33: 26258 | Z33: 94.794224 | AA33: 1 | AB33: 1 | AC33: 327 | AD33: 56 | AE33: 383 | AF33: 383 | AG33: 73 | AH33: 45 | AI33: 3042 | AJ33: 1128 | AK33: 4170 | AL33: 57.123288 | AM33: 7 | AN33: 2 | AO33: 509 | AP33: 149 | AQ33: 658 | AR33: 94 | AS33: 574 | AT33: 465 | AU33: 44968 | AV33: 22282 | AW33: 67250 | AX33: 117.16028
A34: 29 | B34: Sikkim | C34: 2 | D34: 2 | E34: 850 | F34: 420 | G34: 1270 | H34: 635 | K34: 0 | O34: 1 | P34: 1 | Q34: 0 | T34: 0 | U34: 4 | V34: 4 | W34: 47 | X34: 253 | Y34: 300 | Z34: 75 | AC34: 0 | AI34: 0 | AM34: 1 | AN34: 1 | AO34: 56 | AP34: 22 | AQ34: 78 | AR34: 78 | AS34: 8 | AT34: 8 | AU34: 953 | AV34: 695 | AW34: 1648 | AX34: 206
A35: 30 | B35: Tamil Nadu | C35: 498 | D35: 497 | E35: 201704 | F35: 19988 | G35: 221692 | H35: 445.16466 | I35: 9 | J35: 7 | K35: 711 | L35: 399 | M35: 1110 | N35: 123.33333 | O35: 106 | P35: 106 | Q35: 70 | R35: 7071 | S35: 7141 | T35: 67.367925 | U35: 280 | V35: 251 | W35: 332 | X35: 4118 | Y35: 4450 | Z35: 15.892857 | AA35: 4 | AB35: 4 | AC35: 644 | AD35: 63 | AE35: 707 | AF35: 176.75 | AI35: 0 | AM35: 2 | AN35: 2 | AO35: 1170 | AP35: 235 | AQ35: 1405 | AR35: 702.5 | AS35: 899 | AT35: 867 | AU35: 204631 | AV35: 31874 | AW35: 236505 | AX35: 263.07564
A36: 31 | B36: Telangana | C36: 135 | D36: 122 | E36: 38628 | F36: 18798 | G36: 57426 | H36: 425.37778 | I36: 17 | J36: 12 | K36: 1927 | L36: 1459 | M36: 3386 | N36: 199.17647 | O36: 126 | P36: 119 | Q36: 1045 | R36: 12639 | S36: 13684 | T36: 108.60317 | U36: 177 | V36: 137 | W36: 1724 | X36: 6023 | Y36: 7747 | Z36: 43.768362 | AA36: 3 | AC36: 0 | AF36: 0 | AI36: 0 | AM36: 1 | AN36: 1 | AO36: 570 | AP36: 174 | AQ36: 744 | AR36: 744 | AS36: 459 | AT36: 391 | AU36: 43894 | AV36: 39093 | AW36: 82987 | AX36: 180.79956
A37: 32 | B37: D & N Haveli and Daman & Diu | E37: 0 | K37: 0 | Q37: 0 | W37: 0 | AC37: 0 | AI37: 0 | AM37: 1 | AN37: 1 | AO37: 87 | AP37: 20 | AQ37: 107 | AR37: 107 | AS37: 1 | AT37: 1 | AU37: 87 | AV37: 20 | AW37: 107 | AX37: 107
A38: 33 | B38: Tripura | E38: 0 | K38: 0 | O38: 8 | P38: 7 | Q38: 215 | R38: 465 | S38: 680 | T38: 85 | U38: 4 | V38: 4 | W38: 421 | X38: 460 | Y38: 881 | Z38: 220.25 | AA38: 2 | AB38: 2 | AC38: 91 | AD38: 29 | AE38: 120 | AF38: 60 | AI38: 0 | AO38: 0 | AS38: 14 | AT38: 13 | AU38: 727 | AV38: 954 | AW38: 1681 | AX38: 120.07143
A39: 34 | B39: Uttar Pradesh | C39: 553 | D39: 446 | E39: 138458 | F39: 24064 | G39: 162522 | H39: 293.8915 | I39: 40 | J39: 32 | K39: 7880 | L39: 4157 | M39: 12037 | N39: 300.925 | O39: 293 | P39: 269 | Q39: 10969 | R39: 51152 | S39: 62121 | T39: 212.01706 | U39: 202 | V39: 140 | W39: 6128 | X39: 7389 | Y39: 13517 | Z39: 66.915842 | AA39: 6 | AB39: 3 | AC39: 548 | AD39: 6 | AE39: 554 | AF39: 92.333333 | AG39: 94 | AH39: 45 | AI39: 2413 | AJ39: 1393 | AK39: 3806 | AL39: 40.489362 | AM39: 6 | AN39: 4 | AO39: 1100 | AP39: 278 | AQ39: 1378 | AR39: 229.66667 | AS39: 1194 | AT39: 939 | AU39: 167496 | AV39: 88439 | AW39: 255935 | AX39: 214.35092
A40: 35 | B40: Uttarakhand | C40: 113 | D40: 108 | E40: 13583 | F40: 3393 | G40: 16976 | H40: 150.23009 | I40: 2 | J40: 1 | K40: 124 | L40: 67 | M40: 191 | N40: 95.5 | O40: 24 | P40: 19 | Q40: 873 | R40: 1681 | S40: 2554 | T40: 106.41667 | U40: 11 | V40: 10 | W40: 73 | X40: 34 | Y40: 107 | Z40: 9.7272727 | AA40: 3 | AB40: 3 | AC40: 544 | AD40: 70 | AE40: 614 | AF40: 204.66667 | AG40: 2 | AI40: 0 | AL40: 0 | AM40: 1 | AO40: 0 | AR40: 0 | AS40: 156 | AT40: 141 | AU40: 15197 | AV40: 5245 | AW40: 20442 | AX40: 131.03846
A41: 36 | B41: West Bengal | C41: 167 | D41: 167 | E41: 71125 | F41: 11620 | G41: 82745 | H41: 495.47904 | I41: 16 | J41: 16 | K41: 3328 | L41: 1714 | M41: 5042 | N41: 315.125 | O41: 121 | P41: 120 | Q41: 579 | R41: 16572 | S41: 17151 | T41: 141.7438 | U41: 242 | V41: 241 | W41: 19855 | X41: 21888 | Y41: 41743 | Z41: 172.49174 | AA41: 14 | AB41: 14 | AC41: 3937 | AD41: 2594 | AE41: 6531 | AF41: 466.5 | AG41: 12 | AH41: 11 | AI41: 222 | AJ41: 187 | AK41: 409 | AL41: 34.083333 | AM41: 2 | AN41: 2 | AO41: 207 | AP41: 114 | AQ41: 321 | AR41: 160.5 | AS41: 574 | AT41: 571 | AU41: 99253 | AV41: 54689 | AW41: 153942 | AX41: 268.19164
A42: All India | C42: 3865 | D42: 3599 | E42: 1135354 | F42: 273192 | G42: 1408546 | H42: 364.43622 | I42: 327 | J42: 242 | K42: 37705 | L42: 23659 | M42: 61364 | N42: 187.65749 | O42: 3592 | P42: 3317 | Q42: 75609 | R42: 317838 | S42: 393447 | T42: 109.53424 | U42: 3301 | V42: 2882 | W42: 87339 | X42: 145414 | Y42: 232753 | Z42: 70.509846 | AA42: 100 | AB42: 85 | AC42: 14497 | AD42: 6379 | AE42: 20876 | AF42: 208.76 | AG42: 758 | AH42: 409 | AI42: 19902 | AJ42: 18984 | AK42: 38886 | AL42: 51.300792 | AM42: 59 | AN42: 42 | AO42: 11755 | AP42: 3117 | AQ42: 14872 | AR42: 252.0678 | AS42: 12002 | AT42: 10576 | AU42: 1382161 | AV42: 788583 | AW42: 2170744 | AX42: 180.86519

Sheet 9aSAILevel
B1: Table 9a. | C1: Level-wise Enrolment in Standalone Institutions (Based on Actual Response) | L1: =C1 -> Level-wise Enrolment in Standalone Institutions (Based on Actual Response) | U1: =C1 -> Level-wise Enrolment in Standalone Institutions (Based on Actual Response)
A2: S.No. | B2: State/UTs | C2: Ph.D. | F2: M.Phil. | I2: Post Graduate | L2: Under Graduate | O2: PG Diploma | R2: Diploma | U2: Certificate | X2: Integrated | AA2: Grand Total
C3: Male | D3: Female | E3: Total | F3: Male | G3: Female | H3: Total | I3: Male | J3: Female | K3: Total | L3: Male | M3: Female | N3: Total | O3: Male | P3: Female | Q3: Total | R3: Male | S3: Female | T3: Total | U3: Male | V3: Female | W3: Total | X3: Male | Y3: Female | Z3: Total | AA3: Male | AB3: Female | AC3: Total
A4: 1 | B4: 2 | C4: 3 | D4: 4 | E4: 5 | F4: 6 | G4: 7 | H4: 8 | I4: 9 | J4: 10 | K4: 11 | L4: 12 | M4: 13 | N4: 14 | O4: 15 | P4: 16 | Q4: 17 | R4: 18 | S4: 19 | T4: 20 | U4: 21 | V4: 22 | W4: 23 | X4: 24 | Y4: 25 | Z4: 26 | AA4: 27 | AB4: 28 | AC4: 29
A5: 1 | B5: A & N Islands | C5: 0 | D5: 0 | E5: 0 | H5: 0 | I5: 0 | J5: 0 | K5: 0 | L5: 0 | M5: 0 | N5: 0 | O5: 0 | P5: 0 | Q5: 0 | R5: 29 | S5: 96 | T5: 125 | U5: 0 | V5: 0 | W5: 0 | X5: 0 | Y5: 0 | Z5: 0 | AA5: 29 | AB5: 96 | AC5: 125
A6: 2 | B6: Andhra Pradesh | C6: 0 | D6: 0 | E6: 0 | H6: 0 | I6: 118 | J6: 117 | K6: 235 | L6: 324 | M6: 619 | N6: 943 | O6: 72 | P6: 23 | Q6: 95 | R6: 62601 | S6: 50099 | T6: 112700 | U6: 156 | V6: 14 | W6: 170 | X6: 0 | Y6: 0 | Z6: 0 | AA6: 63271 | AB6: 50872 | AC6: 114143
A7: 3 | B7: Arunachal Pradesh | C7: 0 | D7: 0 | E7: 0 | H7: 0 | I7: 0 | J7: 0 | K7: 0 | L7: 0 | M7: 0 | N7: 0 | O7: 0 | P7: 0 | Q7: 0 | R7: 716 | S7: 555 | T7: 1271 | U7: 0 | V7: 0 | W7: 0 | X7: 0 | Y7: 0 | Z7: 0 | AA7: 716 | AB7: 555 | AC7: 1271
A8: 4 | B8: Assam | C8: 0 | D8: 0 | E8: 0 | H8: 0 | I8: 83 | J8: 51 | K8: 134 | L8: 758 | M8: 918 | N8: 1676 | O8: 13 | P8: 4 | Q8: 17 | R8: 9817 | S8: 7109 | T8: 16926 | U8: 0 | V8: 26 | W8: 26 | X8: 0 | Y8: 0 | Z8: 0 | AA8: 10671 | AB8: 8108 | AC8: 18779
A9: 5 | B9: Bihar | C9: 2 | D9: 2 | E9: 4 | H9: 0 | I9: 54 | J9: 69 | K9: 123 | L9: 1575 | M9: 1470 | N9: 3045 | O9: 366 | P9: 146 | Q9: 512 | R9: 42737 | S9: 28650 | T9: 71387 | U9: 212 | V9: 318 | W9: 530 | X9: 0 | Y9: 0 | Z9: 0 | AA9: 44946 | AB9: 30655 | AC9: 75601
A10: 6 | B10: Chandigarh | C10: 0 | D10: 0 | E10: 0 | H10: 0 | I10: 15 | J10: 9 | K10: 24 | L10: 831 | M10: 252 | N10: 1083 | O10: 31 | P10: 34 | Q10: 65 | R10: 1616 | S10: 1149 | T10: 2765 | U10: 0 | V10: 0 | W10: 0 | X10: 0 | Y10: 0 | Z10: 0 | AA10: 2493 | AB10: 1444 | AC10: 3937
A11: 7 | B11: Chhattisgarh | C11: 0 | D11: 0 | E11: 0 | H11: 0 | I11: 12 | J11: 75 | K11: 87 | L11: 87 | M11: 768 | N11: 855 | O11: 202 | P11: 128 | Q11: 330 | R11: 1785 | S11: 4031 | T11: 5816 | U11: 4 | V11: 33 | W11: 37 | X11: 0 | Y11: 0 | Z11: 0 | AA11: 2090 | AB11: 5035 | AC11: 7125
A12: 8 | B12: Delhi | C12: 18 | D12: 7 | E12: 25 | H12: 0 | I12: 123 | J12: 202 | K12: 325 | L12: 596 | M12: 622 | N12: 1218 | O12: 2464 | P12: 1563 | Q12: 4027 | R12: 10985 | S12: 8078 | T12: 19063 | U12: 368 | V12: 183 | W12: 551 | X12: 0 | Y12: 0 | Z12: 0 | AA12: 14554 | AB12: 10655 | AC12: 25209
A13: 9 | B13: Goa | C13: 4 | D13: 0 | E13: 4 | H13: 0 | I13: 624 | J13: 331 | K13: 955 | L13: 893 | M13: 192 | N13: 1085 | O13: 0 | P13: 0 | Q13: 0 | R13: 6452 | S13: 779 | T13: 7231 | U13: 0 | V13: 0 | W13: 0 | X13: 0 | Y13: 0 | Z13: 0 | AA13: 7973 | AB13: 1302 | AC13: 9275
A14: 10 | B14: Gujarat | C14: 50 | D14: 49 | E14: 99 | H14: 0 | I14: 616 | J14: 575 | K14: 1191 | L14: 1872 | M14: 2144 | N14: 4016 | O14: 676 | P14: 362 | Q14: 1038 | R14: 5318 | S14: 20226 | T14: 25544 | U14: 416 | V14: 827 | W14: 1243 | X14: 0 | Y14: 0 | Z14: 0 | AA14: 8948 | AB14: 24183 | AC14: 33131
A15: 11 | B15: Haryana | C15: 6 | D15: 8 | E15: 14 | H15: 0 | I15: 267 | J15: 252 | K15: 519 | L15: 1237 | M15: 966 | N15: 2203 | O15: 336 | P15: 126 | Q15: 462 | R15: 47024 | S15: 16106 | T15: 63130 | U15: 0 | V15: 0 | W15: 0 | X15: 0 | Y15: 0 | Z15: 0 | AA15: 48870 | AB15: 17458 | AC15: 66328
A16: 12 | B16: Himachal Pradesh | C16: 0 | D16: 0 | E16: 0 | H16: 0 | I16: 12 | J16: 16 | K16: 28 | L16: 951 | M16: 1112 | N16: 2063 | O16: 31 | P16: 27 | Q16: 58 | R16: 6375 | S16: 4442 | T16: 10817 | U16: 165 | V16: 87 | W16: 252 | X16: 0 | Y16: 0 | Z16: 0 | AA16: 7534 | AB16: 5684 | AC16: 13218
... A21: 17 | B21: Ladakh | C21: 0 | D21: 0 | E21: 0 | H21: 0 | I21: 0 | J21: 0 | K21: 0 | L21: 0 | M21: 0 | N21: 0 | O21: 0 | P21: 0 | Q21: 0 | R21: 195 | S21: 314 | T21: 509 | U21: 19 | V21: 131 | W21: 150 | X21: 0 | Y21: 0 | Z21: 0 | AA21: 214 | AB21: 445 | AC21: 659
A22: 18 | B22: Lakshadweep | H22: 0
A23: 19 | B23: Madhya Pradesh | C23: 1 | D23: 5 | E23: 6 | H23: 0 | I23: 1543 | J23: 1236 | K23: 2779 | L23: 3537 | M23: 5103 | N23: 8640 | O23: 2982 | P23: 1758 | Q23: 4740 | R23: 28474 | S23: 17622 | T23: 46096 | U23: 233 | V23: 244 | W23: 477 | X23: 100 | Y23: 99 | Z23: 199 | AA23: 36870 | AB23: 26067 | AC23: 62937
A24: 20 | B24: Maharashtra | C24: 6 | D24: 2 | E24: 8 | H24: 0 | I24: 2056 | J24: 1291 | K24: 3347 | L24: 8344 | M24: 6213 | N24: 14557 | O24: 6525 | P24: 4041 | Q24: 10566 | R24: 191001 | S24: 129710 | T24: 320711 | U24: 990 | V24: 451 | W24: 1441 | X24: 0 | Y24: 0 | Z24: 0 | AA24: 208922 | AB24: 141708 | AC24: 350630
A25: 21 | B25: Manipur | C25: 0 | D25: 0 | E25: 0 | H25: 0 | I25: 0 | J25: 0 | K25: 0 | L25: 9 | M25: 59 | N25: 68 | O25: 420 | P25: 226 | Q25: 646 | R25: 1035 | S25: 2353 | T25: 3388 | U25: 143 | V25: 113 | W25: 256 | X25: 0 | Y25: 0 | Z25: 0 | AA25: 1607 | AB25: 2751 | AC25: 4358
A26: 22 | B26: Meghalaya | C26: 0 | D26: 0 | E26: 0 | H26: 0 | I26: 0 | J26: 0 | K26: 0 | L26: 448 | M26: 670 | N26: 1118 | O26: 0 | P26: 0 | Q26: 0 | R26: 859 | S26: 1783 | T26: 2642 | U26: 0 | V26: 0 | W26: 0 | X26: 0 | Y26: 0 | Z26: 0 | AA26: 1307 | AB26: 2453 | AC26: 3760
A27: 23 | B27: Mizoram | C27: 0 | D27: 0 | E27: 0 | H27: 0 | I27: 0 | J27: 0 | K27: 0 | L27: 102 | M27: 156 | N27: 258 | O27: 0 | P27: 0 | Q27: 0 | R27: 3094 | S27: 3509 | T27: 6603 | U27: 0 | V27: 0 | W27: 0 | X27: 0 | Y27: 0 | Z27: 0 | AA27: 3196 | AB27: 3665 | AC27: 6861
A28: 24 | B28: Nagaland | C28: 0 | D28: 0 | E28: 0 | H28: 0 | I28: 0 | J28: 0 | K28: 0 | L28: 0 | M28: 0 | N28: 0 | O28: 0 | P28: 0 | Q28: 0 | R28: 765 | S28: 1129 | T28: 1894 | U28: 0 | V28: 0 | W28: 0 | X28: 0 | Y28: 0 | Z28: 0 | AA28: 765 | AB28: 1129 | AC28: 1894
A29: 25 | B29: Odisha | C29: 6 | D29: 12 | E29: 18 | H29: 0 | I29: 725 | J29: 562 | K29: 1287 | L29: 1490 | M29: 2113 | N29: 3603 | O29: 1137 | P29: 611 | Q29: 1748 | R29: 93082 | S29: 41460 | T29: 134542 | U29: 212 | V29: 384 | W29: 596 | X29: 0 | Y29: 0 | Z29: 0 | AA29: 96652 | AB29: 45142 | AC29: 141794
A30: 26 | B30: Puducherry | C30: 0 | D30: 0 | E30: 0 | H30: 0 | I30: 0 | J30: 0 | K30: 0 | L30: 78 | M30: 14 | N30: 92 | O30: 0 | P30: 0 | Q30: 0 | R30: 2283 | S30: 841 | T30: 3124 | U30: 0 | V30: 0 | W30: 0 | X30: 0 | Y30: 0 | Z30: 0 | AA30: 2361 | AB30: 855 | AC30: 3216
A31: 27 | B31: Punjab | C31: 0 | D31: 0 | E31: 0 | H31: 0 | I31: 0 | J31: 32 | K31: 32 | L31: 981 | M31: 1510 | N31: 2491 | O31: 49 | P31: 3 | Q31: 52 | R31: 33323 | S31: 21567 | T31: 54890 | U31: 19 | V31: 75 | W31: 94 | X31: 0 | Y31: 0 | Z31: 0 | AA31: 34372 | AB31: 23187 | AC31: 57559
A32: 28 | B32: Rajasthan | C32: 0 | D32: 0 | E32: 0 | H32: 0 | I32: 27 | J32: 14 | K32: 41 | L32: 1535 | M32: 1802 | N32: 3337 | O32: 497 | P32: 388 | Q32: 885 | R32: 42344 | S32: 18935 | T32: 61279 | U32: 406 | V32: 634 | W32: 1040 | X32: 159 | Y32: 509 | Z32: 668 | AA32: 44968 | AB32: 22282 | AC32: 67250
A33: 29 | B33: Sikkim | C33: 0 | D33: 0 | E33: 0 | H33: 0 | I33: 0 | J33: 0 | K33: 0 | L33: 56 | M33: 22 | N33: 78 | O33: 0 | P33: 0 | Q33: 0 | R33: 897 | S33: 673 | T33: 1570 | U33: 0 | V33: 0 | W33: 0 | X33: 0 | Y33: 0 | Z33: 0 | AA33: 953 | AB33: 695 | AC33: 1648
A34: 30 | B34: Tamil Nadu | C34: 0 | D34: 0 | E34: 0 | H34: 0 | I34: 222 | J34: 115 | K34: 337 | L34: 981 | M34: 200 | N34: 1181 | O34: 510 | P34: 304 | Q34: 814 | R34: 202537 | S34: 31191 | T34: 233728 | U34: 381 | V34: 64 | W34: 445 | X34: 0 | Y34: 0 | Z34: 0 | AA34: 204631 | AB34: 31874 | AC34: 236505
... A40: 36 | B40: West Bengal | C40: 9 | D40: 6 | E40: 15 | H40: 0 | I40: 368 | J40: 372 | K40: 740 | L40: 9709 | M40: 9971 | N40: 19680 | O40: 1226 | P40: 651 | Q40: 1877 | R40: 87820 | S40: 43663 | T40: 131483 | U40: 106 | V40: 14 | W40: 120 | X40: 15 | Y40: 12 | Z40: 27 | AA40: 99253 | AB40: 54689 | AC40: 153942
A41: All India | C41: 179 | D41: 142 | E41: 321 | H41: 0 | I41: 12140 | J41: 8740 | K41: 20880 | L41: 47180 | M41: 51545 | N41: 98725 | O41: 27241 | P41: 16897 | Q41: 44138 | R41: 1289066 | S41: 705462 | T41: 1994528 | U41: 6069 | V41: 5134 | W41: 11203 | X41: 286 | Y41: 663 | Z41: 949 | AA41: 1382161 | AB41: 788583 | AC41: 2170744

Sheet 10InstituionEst
A1: Table 10. State-wise Enrolment in All Type of Institutions (Including Estimation)
A2: S.No | B2: State/UTs | C2: University and Its Constituent Units | F2: Colleges | I2: Stand Alone Institutions | L2: Grand Total
C3: Male | D3: Female | E3: Total | F3: Male | G3: Female | H3: Total | I3: Male | J3: Female | K3: Total | L3: Male | M3: Female | N3: Total
A4: 1 | B4: 2 | C4: 3 | D4: 4 | E4: 5 | F4: 6 | G4: 7 | H4: 8 | I4: 9 | J4: 10 | K4: 11 | L4: 12 | M4: 13 | N4: 14
A5: 1 | B5: A & N Islands | C5: 2091 | D5: 1939 | E5: 4030 | F5: 3080 | G5: 4192 | H5: 7272 | I5: 29 | J5: 96 | K5: 125 | L5: 5200 | M5: 6227 | N5: 11427
A6: 2 | B6: Andhra Pradesh | C6: 202165 | D6: 161796 | E6: 363961 | F6: 763303 | G6: 687752 | H6: 1451055 | I6: 63271 | J6: 50872 | K6: 114143 | L6: 1028739 | M6: 900420 | N6: 1929159
A7: 3 | B7: Arunachal Pradesh | C7: 19945 | D7: 15054 | E7: 34999 | F7: 14334 | G7: 14286 | H7: 28620 | I7: 716 | J7: 555 | K7: 1271 | L7: 34995 | M7: 29895 | N7: 64890
A8: 4 | B8: Assam | C8: 65031 | D8: 57744 | E8: 122775 | F8: 258224 | G8: 278234 | H8: 536458 | I8: 10671 | J8: 8108 | K8: 18779 | L8: 333926 | M8: 344086 | N8: 678012
A9: 5 | B9: Bihar | C9: 191429 | D9: 117337 | E9: 308766 | F9: 1211085 | G9: 1027494 | H9: 2238579 | I9: 44946 | J9: 30655 | K9: 75601 | L9: 1447460 | M9: 1175486 | N9: 2622946
A10: 6 | B10: Chandigarh | C10: 32984 | D10: 25006 | E10: 57990 | F10: 19814 | G10: 29262 | H10: 49076 | I10: 2493 | J10: 1444 | K10: 3937 | L10: 55291 | M10: 55712 | N10: 111003
A11: 7 | B11: Chhattisgarh | C11: 57842 | D11: 41505 | E11: 99347 | F11: 238669 | G11: 311200 | H11: 549869 | I11: 2090 | J11: 5035 | K11: 7125 | L11: 298601 | M11: 357740 | N11: 656341
A12: 8 | B12: Delhi | C12: 423990 | D12: 390723 | E12: 814713 | F12: 146809 | G12: 158659 | H12: 305468 | I12: 14554 | J12: 10655 | K12: 25209 | L12: 585353 | M12: 560037 | N12: 1145390
A13: 9 | B13: Goa | C13: 9101 | D13: 4904 | E13: 14005 | F13: 18324 | G13: 23811 | H13: 42135 | I13: 7973 | J13: 1302 | K13: 9275 | L13: 35398 | M13: 30017 | N13: 65415
A14: 10 | B14: Gujarat | C14: 290685 | D14: 199325 | E14: 490010 | F14: 710033 | G14: 564488 | H14: 1274521 | I14: 8948 | J14: 24183 | K14: 33131 | L14: 1009666 | M14: 787996 | N14: 1797662
A15: 11 | B15: Haryana | C15: 196907 | D15: 172623 | E15: 369530 | F15: 296369 | G15: 372305 | H15: 668674 | I15: 48870 | J15: 17458 | K15: 66328 | L15: 542146 | M15: 562386 | N15: 1104532
A16: 12 | B16: Himachal Pradesh | C16: 58521 | D16: 47255 | E16: 105776 | F16: 81088 | G16: 119569 | H16: 200657 | I16: 7534 | J16: 5684 | K16: 13218 | L16: 147143 | M16: 172508 | N16: 319651
... A21: 17 | B21: Ladakh | C21: 255 | D21: 445 | E21: 700 | F21: 1102 | G21: 1979 | H21: 3081 | I21: 214 | J21: 445 | K21: 659 | L21: 1571 | M21: 2869 | N21: 4440
A22: 18 | B22: Lakshadweep | C22: 14 | D22: 74 | E22: 88 | L22: 14 | M22: 74 | N22: 88
A23: 19 | B23: Madhya Pradesh | C23: 409767 | D23: 231447 | E23: 641214 | F23: 1059271 | G23: 1036743 | H23: 2096014 | I23: 36870 | J23: 26067 | K23: 62937 | L23: 1505908 | M23: 1294257 | N23: 2800165
A24: 20 | B24: Maharashtra | C24: 610462 | D24: 409832 | E24: 1020294 | F24: 1723447 | G24: 1483472 | H24: 3206919 | I24: 208922 | J24: 141708 | K24: 350630 | L24: 2542831 | M24: 2035012 | N24: 4577843
A25: 21 | B25: Manipur | C25: 9482 | D25: 8211 | E25: 17693 | F25: 55145 | G25: 53192 | H25: 108337 | I25: 1607 | J25: 2751 | K25: 4358 | L25: 66234 | M25: 64154 | N25: 130388
A26: 22 | B26: Meghalaya | C26: 11708 | D26: 13276 | E26: 24984 | F26: 30573 | G26: 37136 | H26: 67709 | I26: 1307 | J26: 2453 | K26: 3760 | L26: 43588 | M26: 52865 | N26: 96453
A27: 23 | B27: Mizoram | C27: 6399 | D27: 6763 | E27: 13162 | F27: 13596 | G27: 13152 | H27: 26748 | I27: 3196 | J27: 3665 | K27: 6861 | L27: 23191 | M27: 23580 | N27: 46771
A28: 24 | B28: Nagaland | C28: 6155 | D28: 6923 | E28: 13078 | F28: 16637 | G28: 19614 | H28: 36251 | I28: 765 | J28: 1129 | K28: 1894 | L28: 23557 | M28: 27666 | N28: 51223
A29: 25 | B29: Odisha | C29: 102463 | D29: 86891 | E29: 189354 | F29: 382052 | G29: 360679 | H29: 742731 | I29: 96652 | J29: 45142 | K29: 141794 | L29: 581167 | M29: 492712 | N29: 1073879
A30: 26 | B30: Puducherry | C30: 16247 | D30: 16138 | E30: 32385 | F30: 26213 | G30: 32829 | H30: 59042 | I30: 2361 | J30: 855 | K30: 3216 | L30: 44821 | M30: 49822 | N30: 94643
A31: 27 | B31: Punjab | C31: 163732 | D31: 118539 | E31: 282271 | F31: 236512 | G31: 282402 | H31: 518914 | I31: 34372 | J31: 23187 | K31: 57559 | L31: 434616 | M31: 424128 | N31: 858744
A32: 28 | B32: Rajasthan | C32: 424404 | D32: 260852 | E32: 685256 | F32: 960911 | G32: 975923 | H32: 1936834 | I32: 44968 | J32: 22282 | K32: 67250 | L32: 1430283 | M32: 1259057 | N32: 2689340
A33: 29 | B33: Sikkim | C33: 8450 | D33: 8297 | E33: 16747 | F33: 6871 | G33: 8495 | H33: 15366 | I33: 953 | J33: 695 | K33: 1648 | L33: 16274 | M33: 17487 | N33: 33761
A34: 30 | B34: Tamil Nadu | C34: 444622 | D34: 341320 | E34: 785942 | F34: 1048859 | G34: 1238021 | H34: 2286880 | I34: 204631 | J34: 31874 | K34: 236505 | L34: 1698112 | M34: 1611215 | N34: 3309327
... A40: 36 | B40: West Bengal | C40: 427285 | D40: 345666 | E40: 772951 | F40: 849089 | G40: 946169 | H40: 1795258 | I40: 99253 | J40: 54689 | K40: 153942 | L40: 1375627 | M40: 1346524 | N40: 2722151
A41: All India | C41: 5520955 | D41: 4117390 | E41: 9638345 | F41: 15673273 | G41: 15785819 | H41: 31459092 | I41: 1382161 | J41: 788583 | K41: 2170744 | L41: 22576389 | M41: 20691792 | N41: 43268181

Sheet 11Programme
A1: Table 11. | C1: Programme-wise Enrolment (Based on Actual Response) | L1: =C1 -> Programme-wise Enrolment (Based on Actual Response) | U1: =L1 -> Programme-wise Enrolment (Based on Actual Response)
A2: Sl. No. | B2: Programme | C2: All | F2: Scheduled Caste | I2: Scheduled Tribe | L2: Other Backward Class | O2: Persons with Disability | R2: Muslim | U2: Other Minority Communities | X2: EWS
C3: Male | D3: Female | E3: Total | F3: Male | G3: Female | H3: Total | I3: Male | J3: Female | K3: Total | L3: Male | M3: Female | N3: Total | O3: Male | P3: Female | Q3: Total | R3: Male | S3: Female | T3: Total | U3: Male | V3: Female | W3: Total | X3: Male | Y3: Female | Z3: Total
A4: 1 | B4: 2 | C4: 3 | D4: 4 | E4: 5 | F4: 6 | G4: 7 | H4: 8 | I4: 9 | J4: 10 | K4: 11 | L4: 12 | M4: 13 | N4: 14 | O4: 15 | P4: 16 | Q4: 17 | R4: 18 | S4: 19 | T4: 20 | U4: 21 | V4: 22 | W4: 23 | X4: 24 | Y4: 25 | Z4: 26
A5: 1 | B5: Mechatronics | C5: 66 | D5: 9 | E5: 75 | F5: 4 | G5: 0 | H5: 4 | I5: 2 | J5: 1 | K5: 3 | L5: 50 | M5: 6 | N5: 56 | O5: 0 | P5: 0 | Q5: 0 | R5: 5 | S5: 0 | T5: 5 | U5: 0 | V5: 0 | W5: 0 | X5: 2 | Y5: 0 | Z5: 2
A6: 2 | B6: A.N.M.-Auxiliary Nurse & Midwife | C6: 1380 | D6: 82493 | E6: 83873 | F6: 440 | G6: 26003 | H6: 26443 | I6: 213 | J6: 12363 | K6: 12576 | L6: 213 | M6: 21769 | N6: 21982 | O6: 26 | P6: 551 | Q6: 577 | R6: 72 | S6: 1409 | T6: 1481 | U6: 11 | V6: 1526 | W6: 1537 | X6: 12 | Y6: 880 | Z6: 892
A7: 3 | B7: Acharya-Acharya | C7: 11424 | D7: 6554 | E7: 17978 | F7: 627 | G7: 819 | H7: 1446 | I7: 283 | J7: 353 | K7: 636 | L7: 1860 | M7: 2159 | N7: 4019 | O7: 6 | P7: 3 | Q7: 9 | R7: 14 | S7: 14 | T7: 28 | U7: 52 | V7: 28 | W7: 80 | X7: 57 | Y7: 25 | Z7: 82
A8: 4 | B8: Alankar-Alankar | C8: 55 | D8: 19 | E8: 74 | F8: 8 | G8: 1 | H8: 9 | I8: 2 | J8: 2 | K8: 4 | L8: 3 | M8: 0 | N8: 3 | O8: 0 | P8: 0 | Q8: 0 | R8: 1 | S8: 0 | T8: 1 | U8: 0 | V8: 0 | W8: 0 | X8: 0 | Y8: 0 | Z8: 0
A9: 5 | B9: Art Education | C9: 132 | D9: 163 | E9: 295 | F9: 26 | G9: 29 | H9: 55 | I9: 13 | J9: 13 | K9: 26 | L9: 27 | M9: 36 | N9: 63 | O9: 0 | P9: 0 | Q9: 0 | R9: 0 | S9: 1 | T9: 1 | U9: 0 | V9: 0 | W9: 0 | X9: 0 | Y9: 1 | Z9: 1
A10: 6 | B10: Automotive Mechatronics Captive(Anand Group) | C10: 33 | D10: 6 | E10: 39 | F10: 3 | G10: 2 | H10: 5 | I10: 0 | J10: 0 | K10: 0 | L10: 11 | M10: 1 | N10: 12 | O10: 0 | P10: 0 | Q10: 0 | R10: 0 | S10: 0 | T10: 0 | U10: 0 | V10: 0 | W10: 0 | X10: 0 | Y10: 0 | Z10: 0
A11: 7 | B11: Ayurveda Vachaspati-Ph.D in Ayurveda | C11: 215 | D11: 208 | E11: 423 | F11: 26 | G11: 30 | H11: 56 | I11: 9 | J11: 9 | K11: 18 | L11: 54 | M11: 37 | N11: 91 | O11: 0 | P11: 1 | Q11: 1 | R11: 1 | S11: 1 | T11: 2 | U11: 0 | V11: 0 | W11: 0 | X11: 3 | Y11: 3 | Z11: 6
A12: 8 | B12: Ayurvedacharya-Ayurvedacharya | C12: 11155 | D12: 14940 | E12: 26095 | F12: 1117 | G12: 1532 | H12: 2649 | I12: 575 | J12: 813 | K12: 1388 | L12: 4258 | M12: 5676 | N12: 9934 | O12: 2 | P12: 4 | Q12: 6 | R12: 374 | S12: 414 | T12: 788 | U12: 31 | V12: 79 | W12: 110 | X12: 368 | Y12: 452 | Z12: 820
A13: 9 | B13: B.A. B.Ed.-Bachelor of Arts, Bachelor of Education | C13: 34216 | D13: 44249 | E13: 78465 | F13: 7240 | G13: 7780 | H13: 15020 | I13: 4583 | J13: 4767 | K13: 9350 | L13: 13682 | M13: 17417 | N13: 31099 | O13: 96 | P13: 54 | Q13: 150 | R13: 537 | S13: 941 | T13: 1478 | U13: 331 | V13: 1142 | W13: 1473 | X13: 806 | Y13: 1024 | Z13: 1830
A14: 10 | B14: B.A. L.L.B.-Bachelor of Arts, Bachelor of Law or Laws | C14: 91817 | D14: 66555 | E14: 158372 | F14: 11745 | G14: 8771 | H14: 20516 | I14: 3602 | J14: 2838 | K14: 6440 | L14: 24376 | M14: 15103 | N14: 39479 | O14: 310 | P14: 124 | Q14: 434 | R14: 5293 | S14: 3631 | T14: 8924 | U14: 1789 | V14: 2063 | W14: 3852 | X14: 959 | Y14: 698 | Z14: 1657
A15: 11 | B15: B.A. M.A.-Bachelor of Arts,Master of Arts | C15: 163 | D15: 135 | E15: 298 | F15: 68 | G15: 69 | H15: 137 | I15: 0 | J15: 0 | K15: 0 | L15: 25 | M15: 15 | N15: 40 | O15: 1 | P15: 0 | Q15: 1 | R15: 1 | S15: 0 | T15: 1 | U15: 98 | V15: 92 | W15: 190 | X15: 0 | Y15: 0 | Z15: 0
A16: 12 | B16: B.A.(Hons)-Bachelor of Arts (Honors) | C16: 931585 | D16: 1108491 | E16: 2040076 | F16: 150325 | G16: 152134 | H16: 302459 | I16: 96567 | J16: 111712 | K16: 208279 | L16: 363512 | M16: 392077 | N16: 755589 | O16: 2425 | P16: 1586 | Q16: 4011 | R16: 67598 | S16: 83095 | T16: 150693 | U16: 14017 | V16: 19051 | W16: 33068 | X16: 12553 | Y16: 14742 | Z16: 27295
... A240: 236 | B240: Visharad-Visharad | C240: 425 | D240: 168 | E240: 593 | F240: 99 | G240: 61 | H240: 160 | I240: 7 | J240: 15 | K240: 22 | L240: 263 | M240: 69 | N240: 332 | O240: 0 | P240: 0 | Q240: 0 | R240: 0 | S240: 0 | T240: 0 | U240: 0 | V240: 0 | W240: 0 | X240: 23 | Y240: 9 | Z240: 32
A241: Grand Total | C241: 22028992 | D241: 20128123 | E241: 42157115 | F241: 3361117 | G241: 3074735 | H241: 6435852 | I241: 1338515 | J241: 1314862 | K241: 2653377 | L241: 8290864 | M241: 7578959 | N241: 15869823 | O241: 50180 | P241: 36189 | Q241: 86369 | R241: 1039010 | S241: 1003037 | T241: 2042047 | U241: 419875 | V241: 468440 | W241: 888315 | X241: 348462 | Y241: 294959 | Z241: 643421

Sheet 11aProgrammeDistance 
C1: Programme-wise Enrolment - Distance Mode (Based on Actual Response) | I1: Programme-wise Enrolment - Distance Mode (Based on Actual Response) | R1: Programme-wise Enrolment - Distance Mode (Based on actual Response)
A2: Sl. No. | B2: Programme | C2: All Categories | F2: Scheduled Caste | I2: Scheduled Tribe | L2: Other Backward Classes | O2: Persons with Disability | R2: Muslim | U2: Other Minority Communities | X2: EWS
C3: Male | D3: Female | E3: Total | F3: Male | G3: Female | H3: Total | I3: Male | J3: Female | K3: Total | L3: Male | M3: Female | N3: Total | O3: Male | P3: Female | Q3: Total | R3: Male | S3: Female | T3: Total | U3: Male | V3: Female | W3: Total | X3: Male | Y3: Female | Z3: Total
A4: 1 | B4: 2 | C4: 3 | D4: 4 | E4: 5 | F4: 6 | G4: 7 | H4: 8 | I4: 9 | J4: 10 | K4: 11 | L4: 12 | M4: 13 | N4: 14 | O4: 15 | P4: 16 | Q4: 17 | R4: 18 | S4: 19 | T4: 20 | U4: 21 | V4: 22 | W4: 23 | X4: 24 | Y4: 25 | Z4: 26
A5: 1 | B5: A.N.M.-Auxiliary Nurse & Midwife | C5: 0 | D5: 614 | E5: 614 | F5: 0 | G5: 245 | H5: 245 | I5: 0 | J5: 249 | K5: 249 | L5: 0 | M5: 61 | N5: 61 | O5: 0 | P5: 0 | Q5: 0 | R5: 0 | S5: 0 | T5: 0 | U5: 0 | V5: 0 | W5: 0 | X5: 0 | Y5: 4 | Z5: 4
A6: 2 | B6: Acharya-Acharya | C6: 9 | D6: 5 | E6: 14 | F6: 1 | G6: 1 | H6: 2 | I6: 1 | J6: 0 | K6: 1 | L6: 1 | M6: 0 | N6: 1 | O6: 0 | P6: 0 | Q6: 0 | R6: 0 | S6: 0 | T6: 0 | U6: 0 | V6: 0 | W6: 0 | X6: 0 | Y6: 0 | Z6: 0
A7: 3 | B7: B.A.(Hons)-Bachelor of Arts (Honors) | C7: 106194 | D7: 88928 | E7: 195122 | F7: 14937 | G7: 12175 | H7: 27112 | I7: 6398 | J7: 5623 | K7: 12021 | L7: 33821 | M7: 20903 | N7: 54724 | O7: 837 | P7: 487 | Q7: 1324 | R7: 0 | S7: 0 | T7: 0 | U7: 0 | V7: 0 | W7: 0 | X7: 1409 | Y7: 806 | Z7: 2215
A8: 4 | B8: B.A.-Bachelor of Arts | C8: 1146718 | D8: 799405 | E8: 1946123 | F8: 203504 | G8: 134458 | H8: 337962 | I8: 65807 | J8: 51071 | K8: 116878 | L8: 324201 | M8: 202178 | N8: 526379 | O8: 2265 | P8: 1135 | Q8: 3400 | R8: 34997 | S8: 25240 | T8: 60237 | U8: 6213 | V8: 5484 | W8: 11697 | X8: 9060 | Y8: 5308 | Z8: 14368
A9: 5 | B9: B.Architecture-Bachelor of Architecture | C9: 0 | D9: 0 | E9: 0 | F9: 0 | G9: 0 | H9: 0 | I9: 0 | J9: 0 | K9: 0 | L9: 0 | M9: 0 | N9: 0 | O9: 0 | P9: 0 | Q9: 0 | R9: 0 | S9: 0 | T9: 0 | U9: 0 | V9: 0 | W9: 0 | X9: 0 | Y9: 0 | Z9: 0
A10: 6 | B10: B.B.A.-Bachelor of Business Administration | C10: 33572 | D10: 15902 | E10: 49474 | F10: 2758 | G10: 1550 | H10: 4308 | I10: 298 | J10: 194 | K10: 492 | L10: 10402 | M10: 5211 | N10: 15613 | O10: 25 | P10: 10 | Q10: 35 | R10: 1639 | S10: 815 | T10: 2454 | U10: 303 | V10: 253 | W10: 556 | X10: 187 | Y10: 117 | Z10: 304
A11: 7 | B11: B.B.M.-Bachelor of Business Management | C11: 100 | D11: 60 | E11: 160 | F11: 11 | G11: 2 | H11: 13 | I11: 2 | J11: 5 | K11: 7 | L11: 50 | M11: 30 | N11: 80 | O11: 0 | P11: 0 | Q11: 0 | R11: 0 | S11: 0 | T11: 0 | U11: 0 | V11: 0 | W11: 0 | X11: 0 | Y11: 0 | Z11: 0
A12: 8 | B12: B.C.A.-Bachelor of Computer Applications | C12: 39833 | D12: 12360 | E12: 52193 | F12: 5348 | G12: 1765 | H12: 7113 | I12: 847 | J12: 325 | K12: 1172 | L12: 9872 | M12: 3451 | N12: 13323 | O12: 74 | P12: 10 | Q12: 84 | R12: 192 | S12: 89 | T12: 281 | U12: 178 | V12: 102 | W12: 280 | X12: 479 | Y12: 129 | Z12: 608
A13: 9 | B13: B.Com.(Hons)-Bachelor of Commerce (Honors) | C13: 13769 | D13: 7967 | E13: 21736 | F13: 985 | G13: 561 | H13: 1546 | I13: 32 | J13: 10 | K13: 42 | L13: 1585 | M13: 810 | N13: 2395 | O13: 9 | P13: 2 | Q13: 11 | R13: 0 | S13: 0 | T13: 0 | U13: 0 | V13: 0 | W13: 0 | X13: 0 | Y13: 0 | Z13: 0
A14: 10 | B14: B.Com.-Bachelor of Commerce | C14: 266661 | D14: 164621 | E14: 431282 | F14: 27123 | G14: 15082 | H14: 42205 | I14: 5827 | J14: 2892 | K14: 8719 | L14: 75284 | M14: 46341 | N14: 121625 | O14: 310 | P14: 133 | Q14: 443 | R14: 4638 | S14: 3065 | T14: 7703 | U14: 1346 | V14: 1226 | W14: 2572 | X14: 1561 | Y14: 1037 | Z14: 2598
A15: 11 | B15: B.E.-Bachelor of Engineering | C15: 0 | D15: 0 | E15: 0 | F15: 0 | G15: 0 | H15: 0 | I15: 0 | J15: 0 | K15: 0 | L15: 0 | M15: 0 | N15: 0 | O15: 0 | P15: 0 | Q15: 0 | R15: 0 | S15: 0 | T15: 0 | U15: 0 | V15: 0 | W15: 0 | X15: 0 | Y15: 0 | Z15: 0
A16: 12 | B16: B.Ed.-Bachelor of Education | C16: 16932 | D16: 16693 | E16: 33625 | F16: 2236 | G16: 1781 | H16: 4017 | I16: 1197 | J16: 895 | K16: 2092 | L16: 5201 | M16: 4641 | N16: 9842 | O16: 211 | P16: 103 | Q16: 314 | R16: 2293 | S16: 4498 | T16: 6791 | U16: 157 | V16: 248 | W16: 405 | X16: 193 | Y16: 124 | Z16: 317
... A80: 76 | B80: Shastri-Shastri | C80: 70 | D80: 39 | E80: 109 | F80: 6 | G80: 2 | H80: 8 | I80: 0 | J80: 0 | K80: 0 | L80: 10 | M80: 7 | N80: 17 | O80: 0 | P80: 0 | Q80: 0 | R80: 0 | S80: 0 | T80: 0 | U80: 0 | V80: 0 | W80: 0 | X80: 0 | Y80: 0 | Z80: 0
A81: Grand Total | C81: 2546380 | D81: 2026129 | E81: 4572509 | F81: 383241 | G81: 290744 | H81: 673985 | I81: 128577 | J81: 108340 | K81: 236917 | L81: 775343 | M81: 565869 | N81: 1341212 | O81: 6960 | P81: 3738 | Q81: 10698 | R81: 75740 | S81: 65871 | T81: 141611 | U81: 15446 | V81: 17684 | W81: 33130 | X81: 34259 | Y81: 23565 | Z81: 57824

Sheet 11bProgrammePrivate
A1: Table 11(b). | C1: Programme-wise Enrolment - Private Mode (Based on Actual Response) | I1: =C1 -> Programme-wise Enrolment - Private Mode (Based on Actual Response) | R1: =C1 -> Programme-wise Enrolment - Private Mode (Based on Actual Response)
A2: Sl. No. | B2: Programme | C2: All | F2: Scheduled Caste | I2: Scheduled Tribe | L2: Other Backward Classes | O2: Persons with Disability | R2: Muslim | U2: Other Minority Communities | X2: EWS
C3: Male | D3: Female | E3: Total | F3: Male | G3: Female | H3: Total | I3: Male | J3: Female | K3: Total | L3: Male | M3: Female | N3: Total | O3: Male | P3: Female | Q3: Total | R3: Male | S3: Female | T3: Total | U3: Male | V3: Female | W3: Total | X3: Male | Y3: Female | Z3: Total
A4: 1 | B4: 2 | C4: 3 | D4: 4 | E4: 5 | F4: 6 | G4: 7 | H4: 8 | I4: 9 | J4: 10 | K4: 11 | L4: 12 | M4: 13 | N4: 14 | O4: 15 | P4: 16 | Q4: 17 | R4: 18 | S4: 19 | T4: 20 | U4: 21 | V4: 22 | W4: 23 | X4: 24 | Y4: 25 | Z4: 26
A5: 1 | B5: Acharya-Acharya | C5: 7 | D5: 3 | E5: 10 | F5: 0 | G5: 0 | H5: 0 | I5: 7 | J5: 3 | K5: 10 | L5: 0 | M5: 0 | N5: 0 | O5: 0 | P5: 0 | Q5: 0 | R5: 0 | S5: 0 | T5: 0 | U5: 7 | V5: 3 | W5: 10 | X5: 0 | Y5: 0 | Z5: 0
A6: 2 | B6: B.A.(Hons)-Bachelor of Arts (Honors) | C6: 9 | D6: 6 | E6: 15 | F6: 0 | G6: 0 | H6: 0 | I6: 0 | J6: 0 | K6: 0 | L6: 2 | M6: 2 | N6: 4 | O6: 0 | P6: 0 | Q6: 0 | R6: 0 | S6: 0 | T6: 0 | U6: 0 | V6: 0 | W6: 0 | X6: 0 | Y6: 0 | Z6: 0
A7: 3 | B7: B.A.-Bachelor of Arts | C7: 198351 | D7: 139189 | E7: 337540 | F7: 32635 | G7: 19346 | H7: 51981 | I7: 22271 | J7: 13063 | K7: 35334 | L7: 94771 | M7: 66703 | N7: 161474 | O7: 93 | P7: 49 | Q7: 142 | R7: 1253 | S7: 3392 | T7: 4645 | U7: 26 | V7: 36 | W7: 62 | X7: 305 | Y7: 208 | Z7: 513
A8: 4 | B8: B.B.A.-Bachelor of Business Administration | C8: 864 | D8: 464 | E8: 1328 | F8: 9 | G8: 10 | H8: 19 | I8: 2 | J8: 1 | K8: 3 | L8: 789 | M8: 428 | N8: 1217 | O8: 0 | P8: 0 | Q8: 0 | R8: 494 | S8: 223 | T8: 717 | U8: 3 | V8: 0 | W8: 3 | X8: 0 | Y8: 0 | Z8: 0
A9: 5 | B9: B.Com.-Bachelor of Commerce | C9: 22139 | D9: 15008 | E9: 37147 | F9: 1726 | G9: 1034 | H9: 2760 | I9: 542 | J9: 270 | K9: 812 | L9: 11363 | M9: 8191 | N9: 19554 | O9: 29 | P9: 31 | Q9: 60 | R9: 2069 | S9: 2149 | T9: 4218 | U9: 7 | V9: 7 | W9: 14 | X9: 11 | Y9: 7 | Z9: 18
A10: 6 | B10: B.Sc.-Bachelor of Science | C10: 12587 | D10: 9439 | E10: 22026 | F10: 1740 | G10: 1187 | H10: 2927 | I10: 1571 | J10: 1155 | K10: 2726 | L10: 5428 | M10: 4023 | N10: 9451 | O10: 0 | P10: 0 | Q10: 0 | R10: 0 | S10: 0 | T10: 0 | U10: 0 | V10: 0 | W10: 0 | X10: 1 | Y10: 4 | Z10: 5
A11: 7 | B11: Certificate-Certificate | C11: 163 | D11: 407 | E11: 570 | F11: 0 | G11: 0 | H11: 0 | I11: 0 | J11: 0 | K11: 0 | L11: 163 | M11: 407 | N11: 570 | O11: 0 | P11: 0 | Q11: 0 | R11: 163 | S11: 407 | T11: 570 | U11: 0 | V11: 0 | W11: 0 | X11: 0 | Y11: 0 | Z11: 0
A12: 8 | B12: M.A.-Master of Arts | C12: 48436 | D12: 71423 | E12: 119859 | F12: 9518 | G12: 9831 | H12: 19349 | I12: 5891 | J12: 6267 | K12: 12158 | L12: 20622 | M12: 29214 | N12: 49836 | O12: 26 | P12: 52 | Q12: 78 | R12: 108 | S12: 157 | T12: 265 | U12: 0 | V12: 7 | W12: 7 | X12: 104 | Y12: 99 | Z12: 203
A13: 9 | B13: M.Com.-Master of Commerce | C13: 12039 | D13: 14205 | E13: 26244 | F13: 909 | G13: 778 | H13: 1687 | I13: 816 | J13: 1091 | K13: 1907 | L13: 4855 | M13: 5069 | N13: 9924 | O13: 30 | P13: 48 | Q13: 78 | R13: 0 | S13: 0 | T13: 0 | U13: 0 | V13: 0 | W13: 0 | X13: 105 | Y13: 95 | Z13: 200
A14: 10 | B14: M.Dance-Master of Dance | C14: 2 | D14: 27 | E14: 29 | F14: 1 | G14: 1 | H14: 2 | I14: 0 | J14: 0 | K14: 0 | L14: 0 | M14: 4 | N14: 4 | O14: 0 | P14: 0 | Q14: 0 | R14: 0 | S14: 0 | T14: 0 | U14: 0 | V14: 0 | W14: 0 | X14: 0 | Y14: 0 | Z14: 0
A15: 11 | B15: M.Mus. -Master of Music | C15: 34 | D15: 19 | E15: 53 | F15: 3 | G15: 0 | H15: 3 | I15: 6 | J15: 0 | K15: 6 | L15: 17 | M15: 4 | N15: 21 | O15: 0 | P15: 0 | Q15: 0 | R15: 0 | S15: 0 | T15: 0 | U15: 0 | V15: 0 | W15: 0 | X15: 0 | Y15: 0 | Z15: 0
A16: 12 | B16: M.Sc.-Master of Science | C16: 2095 | D16: 1668 | E16: 3763 | F16: 322 | G16: 182 | H16: 504 | I16: 301 | J16: 127 | K16: 428 | L16: 674 | M16: 546 | N16: 1220 | O16: 0 | P16: 0 | Q16: 0 | R16: 0 | S16: 0 | T16: 0 | U16: 0 | V16: 0 | W16: 0 | X16: 0 | Y16: 0 | Z16: 0
A17: 13 | B17: PG Diploma-Post Graduate Diploma | C17: 1 | D17: 0 | E17: 1 | F17: 0 | G17: 0 | H17: 0 | I17: 0 | J17: 0 | K17: 0 | L17: 1 | M17: 0 | N17: 1 | O17: 0 | P17: 0 | Q17: 0 | R17: 0 | S17: 0 | T17: 0 | U17: 0 | V17: 0 | W17: 0 | X17: 0 | Y17: 0 | Z17: 0
A18: Grand Total | C18: 296727 | D18: 251858 | E18: 548585 | F18: 46863 | G18: 32369 | H18: 79232 | I18: 31407 | J18: 21977 | K18: 53384 | L18: 138685 | M18: 114591 | N18: 253276 | O18: 178 | P18: 180 | Q18: 358 | R18: 4087 | S18: 6328 | T18: 10415 | U18: 43 | V18: 53 | W18: 96 | X18: 526 | Y18: 413 | Z18: 939

Sheet 12UGDisc 
B1: Table 12. Enrolment at Under Graduate Level in Major Disciplines/ Subjects (Based on Actual Response)
A2: S.No. | B2: Discipline | D2: Male | E2: Female | F2: Total
A3: 1 | B3: 2 | C3: 3 | D3: 4 | E3: 5 | F3: 6
A4: 1 | B4: Agriculture | D4: 207749 | E4: 86630 | F4: 294379
A5: 2 | B5: Architecture and Engineering | D5: 21 | E5: 10 | F5: 31
A6: 3 | B6: Area Studies | D6: 21010 | E6: 21309 | F6: 42319
A7: 4 | B7: Arts | D7: 5583302 | E7: 5744439 | F7: 11327741
A8: 5 | B8: Commerce | D8: 2328882 | E8: 2079354 | F8: 4408236
A9: 6 | B9: Criminology | D9: 138 | E9: 82 | F9: 220
A10: 7 | B10: Criminology & Forensic Science | D10: 1102 | E10: 1409 | F10: 2511
A11: 8 | B11: Cultural Studies | D11: 3175 | E11: 3891 | F11: 7066
A12: 9 | B12: Defence Studies | D12: 559 | E12: 311 | F12: 870
A13: 10 | B13: Design | D13: 13819 | E13: 31494 | F13: 45313
A14: 11 | B14: Education | D14: 646915 | E14: 1072393 | F14: 1719308
A15: 12 | B15: Engineering & Technology | C15: Aeronautical Engineering | D15: 15277 | E15: 4982 | F15: 20259
A16: 13 | C16: Agriculture Engineering | D16: 14816 | E16: 8392 | F16: 23208
A17: 14 | C17: Aircraft Maintenance Engineering | D17: 48 | E17: 68 | F17: 116
A18: 15 | C18: Architecture | D18: 35273 | E18: 38497 | F18: 73770
A19: 16 | C19: Artificial Intelligence | D19: 1525 | E19: 648 | F19: 2173
A20: 17 | C20: Artificial Intelligence & Data Science | D20: 6896 | E20: 3421 | F20: 10317
A21: 18 | C21: Artificial Intelligence & Machine Learning | D21: 7861 | E21: 3838 | F21: 11699
A22: 19 | C22: Automation & Robotics | D22: 921 | E22: 176 | F22: 1097
A23: 20 | C23: Automobile Engineering | D23: 238 | E23: 36 | F23: 274
A24: 21 | C24: Automotive Studies | D24: 838 | E24: 13 | F24: 851
A25: 22 | C25: Chemical Engineering | D25: 42411 | E25: 14733 | F25: 57144
A26: 23 | C26: Civil & Environmental Engineering | D26: 52 | E26: 27 | F26: 79
A27: 24 | C27: Civil Engineering | D27: 325350 | E27: 96502 | F27: 421852
... A54: 51 | C54: Data Science and Engineering | D54: 163 | E54: 45 | F54: 208
A55: 52 | B55: Engineering & Technology Total | D55: 2766697 | E55: 1137819 | F55: 3904516
A56: 53 | B56: Fashion Technology | D56: 4362 | E56: 14284 | F56: 18646
A57: 54 | B57: Fine Arts | D57: 23897 | E57: 25920 | F57: 49817
A58: 55 | B58: Fisheries Science | D58: 3474 | E58: 2968 | F58: 6442
A59: 56 | B59: Footwear Design | D59: 1007 | E59: 1353 | F59: 2360
A60: 57 | B60: Foreign Language | D60: 93263 | E60: 113451 | F60: 206714
A61: 58 | B61: Gandhian Studies | D61: 338 | E61: 469 | F61: 807
A62: 59 | B62: Home Science | D62: 7414 | E62: 77585 | F62: 84999
A63: 60 | B63: Hospitality and Tourism | D63: 17010 | E63: 4741 | F63: 21751
A64: 61 | B64: Indian Language | D64: 134853 | E64: 220743 | F64: 355596
A65: 62 | B65: Information Technology | D65: 50 | E65: 40 | F65: 90
A66: 63 | B66: IT & Computer | D66: 579083 | E66: 348928 | F66: 928011
... A72: 69 | B72: Marine Science / Oceanography | D72: 1368 | E72: 187 | F72: 1555
A73: 70 | B73: Medical Science | C73: Anatomy | D73: 262 | E73: 221 | F73: 483
A74: 71 | C74: Anesthesiology | D74: 78 | E74: 103 | F74: 181
A75: 72 | C75: Ayurveda | D75: 41165 | E75: 54312 | F75: 95477
A76: 73 | C76: Bio-Chemistry | D76: 1242 | E76: 1022 | F76: 2264
A77: 74 | C77: Bio-Technology | D77: 1245 | E77: 2301 | F77: 3546
A78: 75 | C78: Cardiology | D78: 40 | E78: 78 | F78: 118
A79: 76 | C79: Dentistry | D79: 26741 | E79: 71848 | F79: 98589
A80: 77 | C80: ENT | D80: 264 | E80: 317 | F80: 581
A81: 78 | C81: Forensic Medicine/ Toxicology | D81: 206 | E81: 181 | F81: 387
A82: 79 | C82: General Medicine | D82: 120416 | E82: 118120 | F82: 238536
A83: 80 | C83: General Surgery | D83: 823 | E83: 1398 | F83: 2221
A84: 81 | C84: Gynaecology | D84: 220 | E84: 184 | F84: 404
A85: 82 | C85: Homeopathy | D85: 24428 | E85: 37690 | F85: 62118
... A111: 108 | C111: Unani | D111: 3279 | E111: 4417 | F111: 7696
A112: 109 | B112: Medical Science Total | D112: 722402 | E112: 983299 | F112: 1705701
A113: 110 | B113: Oriental Learning | D113: 36480 | E113: 24261 | F113: 60741
A114: 111 | B114: Others | D114: 22 | E114: 21 | F114: 43
A115: 112 | B115: Paramedical Science | D115: 34742 | E115: 30540 | F115: 65282
A116: 113 | B116: Physical Education | D116: 48524 | E116: 20387 | F116: 68911
A117: 114 | B117: Religious Studies | D117: 4133 | E117: 2482 | F117: 6615
A118: 115 | B118: Science | D118: 2422049 | E118: 2496376 | F118: 4918425
A119: 116 | B119: Security Management | D119: 150 | E119: 49 | F119: 199
A120: 117 | B120: Social Science | D120: 635523 | E120: 649105 | F120: 1284628
A121: 118 | B121: Social Work | D121: 15447 | E121: 15623 | F121: 31070
A122: 119 | B122: Veterinary & Animal Sciences | D122: 15057 | E122: 10261 | F122: 25318
A123: 120 | B123: Women Studies | D123: 0 | E123: 1030 | F123: 1030
A124: Grand Total | D124: 17349567 | E124: 15778162 | F124: 33127729

Sheet 13PGDisc
B1: Table 13. Enrolment at Ph.D., M.Phil. & Post Graduate Level in Major Disciplines/ Subjects (Based on Actual Response)
A2: S.No. | B2: Discipline | D2: Ph.D. | G2: M.Phil. | J2: Post Graduate
D3: Male | E3: Female | F3: Total | G3: Male | H3: Female | I3: Total | J3: Male | K3: Female | L3: Total
A4: 1 | B4: 2 | C4: 3 | D4: 4 | E4: 5 | F4: 6 | G4: 7 | H4: 8 | I4: 9 | J4: 10 | K4: 11 | L4: 12
A5: 1 | B5: Agriculture | C5: Agriculture | D5: 3381 | E5: 2753 | F5: 6134 | G5: 0 | H5: 0 | I5: 0 | J5: 19031 | K5: 10201 | L5: 29232
A6: 2 | C6: Forestry | D6: 156 | E6: 137 | F6: 293 | G6: 0 | J6: 490 | K6: 395 | L6: 885
A7: 3 | C7: Horticulture | D7: 331 | E7: 379 | F7: 710 | G7: 0 | J7: 3492 | K7: 2075 | L7: 5567
A8: 4 | C8: Sericulture | D8: 5 | E8: 11 | F8: 16 | G8: 0 | J8: 41 | K8: 58 | L8: 99
A9: 5 | B9: Agriculture Total | D9: 3873 | E9: 3280 | F9: 7153 | G9: 0 | H9: 0 | I9: 0 | J9: 23054 | K9: 12729 | L9: 35783
A10: 6 | B10: Area Studies | C10: Area Studies | D10: 2968 | E10: 3242 | F10: 6210 | G10: 262 | H10: 310 | I10: 572 | J10: 51462 | K10: 71903 | L10: 123365
A11: 7 | C11: Computer Application | D11: 0 | G11: 0 | J11: 9 | K11: 14 | L11: 23
A12: 8 | B12: Area Studies Total | D12: 2968 | E12: 3242 | F12: 6210 | G12: 262 | H12: 310 | I12: 572 | J12: 51471 | K12: 71917 | L12: 123388
A13: 9 | B13: Arts | C13: Arts | D13: 0 | G13: 0 | J13: 33 | K13: 43 | L13: 76
A14: 10 | C14: Yoga | D14: 0 | G14: 0 | J14: 59 | K14: 52 | L14: 111
A15: 11 | B15: Arts Total | D15: 0 | G15: 0 | J15: 92 | K15: 95 | L15: 187
A16: 12 | B16: Commerce | C16: Commerce | D16: 2985 | E16: 4110 | F16: 7095 | G16: 214 | H16: 386 | I16: 600 | J16: 199057 | K16: 319211 | L16: 518268
A17: 13 | C17: Foreign Trade | D17: 13 | E17: 4 | F17: 17 | G17: 0 | H17: 0 | I17: 0 | J17: 15 | K17: 348 | L17: 363
A18: 14 | B18: Commerce Total | D18: 2998 | E18: 4114 | F18: 7112 | G18: 214 | H18: 386 | I18: 600 | J18: 199072 | K18: 319559 | L18: 518631
A19: 15 | B19: Criminology | C19: Criminology and Crime Science | D19: 0 | G19: 0 | J19: 30 | K19: 46 | L19: 76
A20: 16 | B20: Criminology Total | D20: 0 | G20: 0 | J20: 30 | K20: 46 | L20: 76
A21: 17 | B21: Criminology & Forensic Science | C21: Criminology & Forensic Science | D21: 20 | E21: 37 | F21: 57 | G21: 0 | J21: 577 | K21: 810 | L21: 1387
A22: 18 | B22: Criminology & Forensic Science Total | D22: 20 | E22: 37 | F22: 57 | G22: 0 | J22: 577 | K22: 810 | L22: 1387
A23: 19 | B23: Cultural Studies | C23: Cultural Studies | D23: 211 | E23: 368 | F23: 579 | G23: 30 | H23: 35 | I23: 65 | J23: 5677 | K23: 9009 | L23: 14686
A24: 20 | B24: Cultural Studies Total | D24: 211 | E24: 368 | F24: 579 | G24: 30 | H24: 35 | I24: 65 | J24: 5677 | K24: 9009 | L24: 14686
A25: 21 | B25: Cyber Security | C25: Cyber Security | D25: 0 | G25: 0 | J25: 284 | K25: 84 | L25: 368
A26: 22 | C26: Cyber Security and Forensics | D26: 0 | G26: 0 | J26: 1096 | K26: 431 | L26: 1527
A27: 23 | B27: Cyber Security Total | D27: 0 | G27: 0 | J27: 1380 | K27: 515 | L27: 1895
A28: 24 | B28: Defence Studies | C28: Defence Studies | D28: 88 | E28: 11 | F28: 99 | G28: 5 | H28: 0 | I28: 5 | J28: 1373 | K28: 743 | L28: 2116
A29: 25 | C29: Security Studies | D29: 0 | G29: 0 | J29: 16 | K29: 5 | L29: 21
A30: 26 | B30: Defence Studies Total | D30: 88 | E30: 11 | F30: 99 | G30: 5 | H30: 0 | I30: 5 | J30: 1389 | K30: 748 | L30: 2137
A31: 27 | B31: Design | C31: Architecture & Regional Planning | D31: 3 | E31: 3 | F31: 6 | G31: 0 | J31: 0
A32: 28 | C32: Design | D32: 269 | E32: 246 | F32: 515 | G32: 2 | H32: 0 | I32: 2 | J32: 1760 | K32: 2365 | L32: 4125
A33: 29 | C33: Fashion and Apparel Design | D33: 0 | E33: 1 | F33: 1 | G33: 0 | J33: 5 | K33: 61 | L33: 66
A34: 30 | C34: Interior Design | D34: 0 | G34: 0 | J34: 129 | K34: 556 | L34: 685
A35: 31 | B35: Design Total | D35: 272 | E35: 250 | F35: 522 | G35: 2 | H35: 0 | I35: 2 | J35: 1894 | K35: 2982 | L35: 4876
A36: 32 | B36: Disability Studies_x000D_ | C36: Disability Studies | D36: 0 | E36: 3 | F36: 3 | G36: 5 | H36: 31 | I36: 36 | J36: 65 | K36: 107 | L36: 172
A37: 33 | B37: Disability Studies_x000D_ Total | D37: 0 | E37: 3 | F37: 3 | G37: 5 | H37: 31 | I37: 36 | J37: 65 | K37: 107 | L37: 172
A38: 34 | B38: Education | C38: Arts | D38: 0 | G38: 0 | J38: 16 | K38: 131 | L38: 147
A39: 35 | C39: Education | D39: 2778 | E39: 3891 | F39: 6669 | G39: 157 | H39: 228 | I39: 385 | J39: 102851 | K39: 169055 | L39: 271906
A40: 36 | C40: History | D40: 0 | G40: 0 | J40: 32 | K40: 35 | L40: 67
A41: 37 | B41: Education Total | D41: 2778 | E41: 3891 | F41: 6669 | G41: 157 | H41: 228 | I41: 385 | J41: 102899 | K41: 169221 | L41: 272120
A42: 38 | B42: Engineering & Technology | C42: Aeronautical Engineering | D42: 509 | E42: 72 | F42: 581 | G42: 0 | J42: 782 | K42: 156 | L42: 938
A43: 39 | C43: Agriculture Engineering | D43: 222 | E43: 105 | F43: 327 | G43: 0 | J43: 952 | K43: 526 | L43: 1478
A44: 40 | C44: Architecture | D44: 249 | E44: 253 | F44: 502 | G44: 0 | J44: 1617 | K44: 2120 | L44: 3737
A45: 41 | C45: Artificial Intelligence & Data Science | D45: 0 | G45: 0 | J45: 4 | K45: 4 | L45: 8
A46: 42 | C46: Automotive Studies | D46: 0 | G46: 0 | J46: 20 | K46: 1 | L46: 21
A47: 43 | C47: Chemical Engineering | D47: 1154 | E47: 653 | F47: 1807 | G47: 0 | J47: 2600 | K47: 1192 | L47: 3792
A48: 44 | C48: Civil & Environmental Engineering | D48: 1 | E48: 0 | F48: 1 | G48: 0 | J48: 0
A49: 45 | C49: Civil Engineering | D49: 3644 | E49: 1396 | F49: 5040 | G49: 0 | J49: 27250 | K49: 9954 | L49: 37204
A50: 46 | C50: Computer Engineering | D50: 4229 | E50: 3379 | F50: 7608 | G50: 0 | J50: 16579 | K50: 13168 | L50: 29747
A51: 47 | C51: Dairy Technology | D51: 8 | E51: 17 | F51: 25 | G51: 0 | J51: 108 | K51: 71 | L51: 179
A52: 48 | C52: Electrical & Computer Engineering | D52: 16 | E52: 9 | F52: 25 | G52: 0 | J52: 0
A53: 49 | C53: Electrical and Electronics Engineering | D53: 3 | E53: 2 | F53: 5 | G53: 0 | J53: 16 | K53: 10 | L53: 26
A54: 50 | C54: Electrical Engineering | D54: 3888 | E54: 1547 | F54: 5435 | G54: 0 | J54: 12401 | K54: 5745 | L54: 18146
A55: 51 | C55: Electronics and Communication Engineering | D55: 11 | E55: 5 | F55: 16 | G55: 0 | J55: 0
A56: 52 | C56: Electronics Engineering | D56: 3141 | E56: 2309 | F56: 5450 | G56: 0 | J56: 11031 | K56: 9098 | L56: 20129
A57: 53 | C57: Engineering & Technology | D57: 364 | E57: 411 | F57: 775 | G57: 0 | J57: 3124 | K57: 1550 | L57: 4674
A58: 54 | C58: Food Technology | D58: 115 | E58: 168 | F58: 283 | G58: 0 | J58: 666 | K58: 1044 | L58: 1710
A59: 55 | C59: Information Technology | D59: 39 | E59: 51 | F59: 90 | G59: 0 | J59: 285 | K59: 302 | L59: 587
A60: 56 | C60: Instrumentation Engineering | D60: 33 | E60: 24 | F60: 57 | G60: 0 | J60: 33 | K60: 16 | L60: 49
A61: 57 | C61: Marine Engineering | D61: 137 | E61: 46 | F61: 183 | G61: 0 | J61: 202 | K61: 30 | L61: 232
A62: 58 | C62: Mechanical Engineering | D62: 6258 | E62: 660 | F62: 6918 | G62: 0 | J62: 21819 | K62: 2562 | L62: 24381
A63: 59 | C63: Metallurgical Engineering | D63: 957 | E63: 260 | F63: 1217 | G63: 0 | J63: 1388 | K63: 252 | L63: 1640
A64: 60 | C64: Mining Engineering | D64: 361 | E64: 29 | F64: 390 | G64: 0 | J64: 531 | K64: 65 | L64: 596
A65: 61 | C65: Other Engineering & Technology | D65: 9466 | E65: 6532 | F65: 15998 | G65: 0 | H65: 6 | I65: 6 | J65: 15356 | K65: 6987 | L65: 22343
A66: 62 | C66: Planning | D66: 12 | E66: 3 | F66: 15 | G66: 0 | J66: 950 | K66: 943 | L66: 1893
A67: 63 | C67: Thermal Engineering | D67: 0 | G67: 0 | J67: 26 | K67: 5 | L67: 31
A68: 64 | C68: Transportation Planning | D68: 0 | G68: 0 | J68: 48 | K68: 14 | L68: 62
A69: 65 | C69: Urban Planning | D69: 0 | G69: 0 | J69: 194 | K69: 153 | L69: 347
A70: 66 | B70: Engineering & Technology Total | D70: 34817 | E70: 17931 | F70: 52748 | G70: 0 | H70: 6 | I70: 6 | J70: 117982 | K70: 55968 | L70: 173950
A71: 67 | B71: Engineering Science | C71: Chemical Engineering | D71: 27 | E71: 19 | F71: 46 | G71: 0 | J71: 0
A72: 68 | C72: Data Science and Engineering | D72: 26 | E72: 11 | F72: 37 | G72: 0 | J72: 0
A73: 69 | B73: Engineering Science Total | D73: 53 | E73: 30 | F73: 83 | G73: 0 | J73: 0
A74: 70 | B74: Fashion Technology | C74: Fashion Technology | D74: 10 | E74: 45 | F74: 55 | G74: 0 | H74: 2 | I74: 2 | J74: 473 | K74: 2139 | L74: 2612
A75: 71 | B75: Fashion Technology Total | D75: 10 | E75: 45 | F75: 55 | G75: 0 | H75: 2 | I75: 2 | J75: 473 | K75: 2139 | L75: 2612
A76: 72 | B76: Fine Arts | C76: Fine Arts | D76: 152 | E76: 192 | F76: 344 | G76: 19 | H76: 22 | I76: 41 | J76: 1442 | K76: 1987 | L76: 3429
A77: 73 | C77: Music | D77: 80 | E77: 91 | F77: 171 | G77: 5 | H77: 0 | I77: 5 | J77: 1247 | K77: 1464 | L77: 2711
A78: 74 | C78: Performing Arts | D78: 69 | E78: 131 | F78: 200 | G78: 5 | H78: 5 | I78: 10 | J78: 1272 | K78: 1526 | L78: 2798
A79: 75 | C79: Visual Arts | D79: 16 | E79: 40 | F79: 56 | G79: 0 | H79: 0 | I79: 0 | J79: 789 | K79: 815 | L79: 1604
A80: 76 | B80: Fine Arts Total | D80: 317 | E80: 454 | F80: 771 | G80: 29 | H80: 27 | I80: 56 | J80: 4750 | K80: 5792 | L80: 10542
A81: 77 | B81: Fisheries Science | C81: Fisheries Science | D81: 130 | E81: 113 | F81: 243 | G81: 0 | J81: 930 | K81: 800 | L81: 1730
A82: 78 | B82: Fisheries Science Total | D82: 130 | E82: 113 | F82: 243 | G82: 0 | J82: 930 | K82: 800 | L82: 1730
A83: 79 | B83: Footwear Design | C83: Footwear Design & Production | D83: 0 | G83: 0 | J83: 19 | K83: 19 | L83: 38
A84: 80 | C84: Retail & Fashion Merchandize | D84: 0 | G84: 0 | J84: 5 | K84: 5 | L84: 10
A85: 81 | B85: Footwear Design Total | D85: 0 | G85: 0 | J85: 24 | K85: 24 | L85: 48
A86: 82 | B86: Foreign Language | C86: English | D86: 1715 | E86: 3036 | F86: 4751 | G86: 215 | H86: 859 | I86: 1074 | J86: 88689 | K86: 164583 | L86: 253272
A87: 83 | C87: French | D87: 12 | E87: 17 | F87: 29 | G87: 0 | H87: 0 | I87: 0 | J87: 230 | K87: 426 | L87: 656
A88: 84 | C88: German | D88: 0 | E88: 3 | F88: 3 | G88: 3 | H88: 4 | I88: 7 | J88: 131 | K88: 138 | L88: 269
A89: 85 | C89: Other Foreign Languages | D89: 385 | E89: 145 | F89: 530 | G89: 51 | H89: 12 | I89: 63 | J89: 4051 | K89: 2509 | L89: 6560
A90: 86 | C90: Other Indian Languages | D90: 0 | G90: 0 | J90: 0 | K90: 33 | L90: 33
A91: 87 | C91: Spanish | D91: 7 | E91: 10 | F91: 17 | G91: 0 | J91: 45 | K91: 59 | L91: 104
A92: 88 | B92: Foreign Language Total | D92: 2119 | E92: 3211 | F92: 5330 | G92: 269 | H92: 875 | I92: 1144 | J92: 93146 | K92: 167748 | L92: 260894
A93: 89 | B93: Forensic Science | C93: Forensic Psychology | D93: 0 | G93: 0 | J93: 363 | K93: 845 | L93: 1208
A94: 90 | C94: Forensic Science | D94: 0 | G94: 0 | J94: 1 | K94: 1 | L94: 2
A95: 91 | B95: Forensic Science Total | D95: 0 | G95: 0 | J95: 364 | K95: 846 | L95: 1210
A96: 92 | B96: Gandhian Studies | C96: Gandhian Studies | D96: 33 | E96: 10 | F96: 43 | G96: 1 | H96: 1 | I96: 2 | J96: 760 | K96: 608 | L96: 1368
A97: 93 | B97: Gandhian Studies Total | D97: 33 | E97: 10 | F97: 43 | G97: 1 | H97: 1 | I97: 2 | J97: 760 | K97: 608 | L97: 1368
A98: 94 | B98: Home Science | C98: Food Science & Nutrition | D98: 0 | G98: 0 | J98: 100 | K98: 92 | L98: 192
A99: 95 | C99: Food Technology | D99: 0 | G99: 0 | J99: 61 | K99: 281 | L99: 342
A100: 96 | C100: Home Science | D100: 120 | E100: 724 | F100: 844 | G100: 18 | H100: 9 | I100: 27 | J100: 607 | K100: 10953 | L100: 11560
...

Sheet 14-15TotalEnrCategory (2)
B1: Table | C1: 14. State-wise Enrolment for different Social Groups (including Estimation) | O1: 15. State-wise Enrolment in PWD and Minority Communities (including Estimation)
A2: S.No | B2: State/UTs | C2: All Categories | F2: Scheduled Caste | I2: Scheduled Tribe | L2: Other Backward Classes | O2: Persons with Disability | R2: Muslim | U2: Other Minority Communities | X2: EWS
C3: Male | D3: Female | E3: Total | F3: Male | G3: Female | H3: Total | I3: Male | J3: Female | K3: Total | L3: Male | M3: Female | N3: Total | O3: Male | P3: Female | Q3: Total | R3: Male | S3: Female | T3: Total | U3: Male | V3: Female | W3: Total | X3: Male | Y3: Female | Z3: Total
A4: 1 | B4: 2 | C4: 3 | D4: 4 | E4: 5 | F4: 6 | G4: 7 | H4: 8 | I4: 9 | J4: 10 | K4: 11 | L4: 12 | M4: 13 | N4: 14 | O4: 15 | P4: 16 | Q4: 17 | R4: 18 | S4: 19 | T4: 20 | U4: 21 | V4: 22 | W4: 23 | X4: 24 | Y4: 25 | Z4: 26
A5: 1 | B5: A & N Islands | C5: 5200 | D5: 6227 | E5: 11427 | F5: 42 | G5: 11 | H5: 53 | I5: 192 | J5: 283 | K5: 475 | L5: 1437 | M5: 1806 | N5: 3243 | O5: 27 | P5: 39 | Q5: 66 | R5: 239 | S5: 370 | T5: 609 | U5: 402 | V5: 743 | W5: 1145 | X5: 49 | Y5: 63 | Z5: 112
A6: 2 | B6: Andhra Pradesh | C6: 1028739 | D6: 900420 | E6: 1929159 | F6: 174877 | G6: 162015 | H6: 336892 | I6: 50146 | J6: 46729 | K6: 96875 | L6: 481074 | M6: 394159 | N6: 875233 | O6: 1361 | P6: 1167 | Q6: 2528 | R6: 32718 | S6: 23726 | T6: 56444 | U6: 4241 | V6: 4420 | W6: 8661 | X6: 20391 | Y6: 19050 | Z6: 39441
A7: 3 | B7: Arunachal Pradesh | C7: 34995 | D7: 29895 | E7: 64890 | F7: 609 | G7: 338 | H7: 947 | I7: 24790 | J7: 23529 | K7: 48319 | L7: 1291 | M7: 822 | N7: 2113 | O7: 24 | P7: 28 | Q7: 52 | R7: 65 | S7: 42 | T7: 107 | U7: 2470 | V7: 1673 | W7: 4143 | X7: 221 | Y7: 124 | Z7: 345
A8: 4 | B8: Assam | C8: 333926 | D8: 344086 | E8: 678012 | F8: 29419 | G8: 27820 | H8: 57239 | I8: 63952 | J8: 66267 | K8: 130219 | L8: 85446 | M8: 92054 | N8: 177500 | O8: 429 | P8: 232 | Q8: 661 | R8: 44047 | S8: 40761 | T8: 84808 | U8: 5841 | V8: 5894 | W8: 11735 | X8: 12932 | Y8: 14272 | Z8: 27204
A9: 5 | B9: Bihar | C9: 1447460 | D9: 1175486 | E9: 2622946 | F9: 224269 | G9: 153799 | H9: 378068 | I9: 36612 | J9: 28622 | K9: 65234 | L9: 707676 | M9: 575245 | N9: 1282921 | O9: 2732 | P9: 1289 | Q9: 4021 | R9: 93896 | S9: 78785 | T9: 172681 | U9: 3879 | V9: 4058 | W9: 7937 | X9: 24859 | Y9: 18422 | Z9: 43281
A10: 6 | B10: Chandigarh | C10: 55291 | D10: 55712 | E10: 111003 | F10: 9631 | G10: 8082 | H10: 17713 | I10: 1243 | J10: 1129 | K10: 2372 | L10: 5504 | M10: 3655 | N10: 9159 | O10: 287 | P10: 151 | Q10: 438 | R10: 321 | S10: 371 | T10: 692 | U10: 1726 | V10: 2842 | W10: 4568 | X10: 1178 | Y10: 1737 | Z10: 2915
A11: 7 | B11: Chhattisgarh | C11: 298601 | D11: 357740 | E11: 656341 | F11: 43431 | G11: 47514 | H11: 90945 | I11: 52777 | J11: 77518 | K11: 130295 | L11: 133393 | M11: 154494 | N11: 287887 | O11: 799 | P11: 411 | Q11: 1210 | R11: 2348 | S11: 2765 | T11: 5113 | U11: 2911 | V11: 4418 | W11: 7329 | X11: 2144 | Y11: 2520 | Z11: 4664
A12: 8 | B12: Delhi | C12: 585353 | D12: 560037 | E12: 1145390 | F12: 81427 | G12: 77126 | H12: 158553 | I12: 11197 | J12: 9976 | K12: 21173 | L12: 100008 | M12: 75996 | N12: 176004 | O12: 4073 | P12: 2328 | Q12: 6401 | R12: 15489 | S12: 12793 | T12: 28282 | U12: 5033 | V12: 5155 | W12: 10188 | X12: 19811 | Y12: 13540 | Z12: 33351
A13: 9 | B13: Goa | C13: 35398 | D13: 30017 | E13: 65415 | F13: 822 | G13: 592 | H13: 1414 | I13: 2106 | J13: 2783 | K13: 4889 | L13: 5182 | M13: 5690 | N13: 10872 | O13: 460 | P13: 144 | Q13: 604 | R13: 1531 | S13: 1553 | T13: 3084 | U13: 4446 | V13: 5734 | W13: 10180 | X13: 475 | Y13: 405 | Z13: 880
A14: 10 | B14: Gujarat | C14: 1009666 | D14: 787996 | E14: 1797662 | F14: 95144 | G14: 76178 | H14: 171322 | I14: 101665 | J14: 102861 | K14: 204526 | L14: 340381 | M14: 244776 | N14: 585157 | O14: 2885 | P14: 2156 | Q14: 5041 | R14: 19387 | S14: 16606 | T14: 35993 | U14: 6945 | V14: 7190 | W14: 14135 | X14: 35817 | Y14: 24763 | Z14: 60580
A15: 11 | B15: Haryana | C15: 542146 | D15: 562386 | E15: 1104532 | F15: 92355 | G15: 93635 | H15: 185990 | I15: 3153 | J15: 2027 | K15: 5180 | L15: 126050 | M15: 127165 | N15: 253215 | O15: 798 | P15: 483 | Q15: 1281 | R15: 7869 | S15: 3092 | T15: 10961 | U15: 5629 | V15: 6447 | W15: 12076 | X15: 9445 | Y15: 6252 | Z15: 15697
A16: 12 | B16: Himachal Pradesh | C16: 147143 | D16: 172508 | E16: 319651 | F16: 30001 | G16: 36535 | H16: 66536 | I16: 8689 | J16: 10609 | K16: 19298 | L16: 18959 | M16: 25173 | N16: 44132 | O16: 335 | P16: 170 | Q16: 505 | R16: 746 | S16: 568 | T16: 1314 | U16: 1028 | V16: 1104 | W16: 2132 | X16: 2551 | Y16: 2085 | Z16: 4636
... A40: 36 | B40: West Bengal | C40: 1375627 | D40: 1346524 | E40: 2722151 | F40: 268861 | G40: 250384 | H40: 519245 | I40: 46586 | J40: 49120 | K40: 95706 | L40: 252444 | M40: 227554 | N40: 479998 | O40: 2597 | P40: 1364 | Q40: 3961 | R40: 164066 | S40: 171346 | T40: 335412 | U40: 9901 | V40: 10437 | W40: 20338 | X40: 11202 | Y40: 14421 | Z40: 25623
A41: All India | C41: 22576389 | D41: 20691792 | E41: 43268181 | F41: 3451649 | G41: 3171274 | H41: 6622923 | I41: 1364524 | J41: 1346154 | K41: 2710678 | L41: 8517847 | M41: 7818613 | N41: 16336460 | O41: 51373 | P41: 37375 | Q41: 88748 | R41: 1068766 | S41: 1039267 | T41: 2108033 | U41: 427425 | V41: 477734 | W41: 905159 | X41: 354534 | Y41: 302027 | Z41: 656561

Sheet 16FS-countrylevel
B1: Table 16. | C1: Country-wise & Level-wise Foreign Students (Based on Actual Response) | L1: Country-wise & Level-wise Foreign Students (Based on Actual Response) | U1: Country-wise & Level-wise Foreign Students (Based on Actual Response)
A2: S.No. | B2: Country Name | C2: Ph.D. | F2: M.Phil. | I2: Post Graduate | L2: Under Graduate | O2: PG Diploma | R2: Diploma | U2: Certificate | X2: Integrated | AA2: Grand Total
C3: Male | D3: Female | E3: Total | F3: Male | G3: Female | H3: Total | I3: Male | J3: Female | K3: Total | L3: Male | M3: Female | N3: Total | O3: Male | P3: Female | Q3: Total | R3: Male | S3: Female | T3: Total | U3: Male | V3: Female | W3: Total | X3: Male | Y3: Female | Z3: Total | AA3: Male | AB3: Female | AC3: Total
A4: 1 | B4: 2 | C4: 3 | D4: 4 | E4: 5 | F4: 6 | G4: 7 | H4: 8 | I4: 9 | J4: 10 | K4: 11 | L4: 12 | M4: 13 | N4: 14 | O4: 15 | P4: 16 | Q4: 17 | R4: 18 | S4: 19 | T4: 20 | U4: 21 | V4: 22 | W4: 23 | X4: 24 | Y4: 25 | Z4: 26 | AA4: 27 | AB4: 28 | AC4: 29
A5: 1 | B5: NEPAL | C5: 94 | D5: 20 | E5: 114 | F5: 1 | G5: 0 | H5: 1 | I5: 997 | J5: 537 | K5: 1534 | L5: 7639 | M5: 3069 | N5: 10708 | O5: 7 | P5: 1 | Q5: 8 | R5: 564 | S5: 102 | T5: 666 | U5: 9 | V5: 1 | W5: 10 | X5: 39 | Y5: 46 | Z5: 85 | AA5: 9350 | AB5: 3776 | AC5: 13126
A6: 2 | B6: AFGHANISTAN | C6: 310 | D6: 28 | E6: 338 | F6: 0 | G6: 1 | H6: 1 | I6: 1079 | J6: 229 | K6: 1308 | L6: 1264 | M6: 213 | N6: 1477 | O6: 4 | P6: 1 | Q6: 5 | R6: 2 | S6: 3 | T6: 5 | U6: 0 | V6: 0 | W6: 0 | X6: 15 | Y6: 2 | Z6: 17 | AA6: 2674 | AB6: 477 | AC6: 3151
A7: 3 | B7: UNITED STATES OF AMERICA | C7: 22 | D7: 18 | E7: 40 | F7: 0 | G7: 1 | H7: 1 | I7: 94 | J7: 120 | K7: 214 | L7: 1067 | M7: 1016 | N7: 2083 | O7: 10 | P7: 6 | Q7: 16 | R7: 1 | S7: 403 | T7: 404 | U7: 0 | V7: 0 | W7: 0 | X7: 66 | Y7: 69 | Z7: 135 | AA7: 1260 | AB7: 1633 | AC7: 2893
A8: 4 | B8: BANGLADESH | C8: 61 | D8: 26 | E8: 87 | F8: 0 | G8: 3 | H8: 3 | I8: 276 | J8: 209 | K8: 485 | L8: 1513 | M8: 472 | N8: 1985 | O8: 4 | P8: 3 | Q8: 7 | R8: 5 | S8: 4 | T8: 9 | U8: 2 | V8: 1 | W8: 3 | X8: 18 | Y8: 9 | Z8: 27 | AA8: 1879 | AB8: 727 | AC8: 2606
A9: 5 | B9: UNITED ARAB EMIRATES | C9: 10 | D9: 4 | E9: 14 | F9: 0 | G9: 0 | H9: 0 | I9: 66 | J9: 89 | K9: 155 | L9: 1102 | M9: 993 | N9: 2095 | O9: 0 | P9: 2 | Q9: 2 | R9: 1 | S9: 1 | T9: 2 | U9: 0 | V9: 0 | W9: 0 | X9: 11 | Y9: 8 | Z9: 19 | AA9: 1190 | AB9: 1097 | AC9: 2287
A10: 6 | B10: BHUTAN | C10: 3 | D10: 0 | E10: 3 | F10: 0 | G10: 0 | H10: 0 | I10: 95 | J10: 38 | K10: 133 | L10: 750 | M10: 624 | N10: 1374 | O10: 0 | P10: 0 | Q10: 0 | R10: 21 | S10: 17 | T10: 38 | U10: 1 | V10: 0 | W10: 1 | X10: 4 | Y10: 9 | Z10: 13 | AA10: 874 | AB10: 688 | AC10: 1562
A11: 7 | B11: NIGERIA | C11: 63 | D11: 9 | E11: 72 | F11: 0 | G11: 0 | H11: 0 | I11: 185 | J11: 56 | K11: 241 | L11: 740 | M11: 305 | N11: 1045 | O11: 3 | P11: 1 | Q11: 4 | R11: 1 | S11: 6 | T11: 7 | U11: 0 | V11: 0 | W11: 0 | X11: 12 | Y11: 6 | Z11: 18 | AA11: 1004 | AB11: 383 | AC11: 1387
A12: 8 | B12: UNITED REPUBLIC OF TANZANIA | C12: 18 | D12: 9 | E12: 27 | F12: 0 | G12: 0 | H12: 0 | I12: 75 | J12: 51 | K12: 126 | L12: 514 | M12: 470 | N12: 984 | O12: 1 | P12: 0 | Q12: 1 | R12: 46 | S12: 52 | T12: 98 | U12: 0 | V12: 0 | W12: 0 | X12: 12 | Y12: 16 | Z12: 28 | AA12: 666 | AB12: 598 | AC12: 1264
A13: 9 | B13: ZIMBABWE | C13: 3 | D13: 0 | E13: 3 | F13: 0 | G13: 0 | H13: 0 | I13: 71 | J13: 35 | K13: 106 | L13: 488 | M13: 289 | N13: 777 | O13: 0 | P13: 0 | Q13: 0 | R13: 13 | S13: 18 | T13: 31 | U13: 2 | V13: 0 | W13: 2 | X13: 60 | Y13: 79 | Z13: 139 | AA13: 637 | AB13: 421 | AC13: 1058
A14: 10 | B14: SUDAN | C14: 10 | D14: 2 | E14: 12 | F14: 0 | G14: 0 | H14: 0 | I14: 164 | J14: 16 | K14: 180 | L14: 669 | M14: 115 | N14: 784 | O14: 0 | P14: 0 | Q14: 0 | R14: 1 | S14: 0 | T14: 1 | U14: 0 | V14: 1 | W14: 1 | X14: 3 | Y14: 1 | Z14: 4 | AA14: 847 | AB14: 135 | AC14: 982
A15: 11 | B15: YEMEN | C15: 157 | D15: 27 | E15: 184 | F15: 0 | G15: 0 | H15: 0 | I15: 186 | J15: 35 | K15: 221 | L15: 431 | M15: 66 | N15: 497 | O15: 0 | P15: 0 | Q15: 0 | R15: 1 | S15: 0 | T15: 1 | U15: 0 | V15: 0 | W15: 0 | X15: 4 | Y15: 0 | Z15: 4 | AA15: 779 | AB15: 128 | AC15: 907
